time,x,y,z
2026-09-27 05:01:50.323000+00:00,-0.241814374923706,0.0646434426307678,9.9000244140625
2026-09-27 05:01:50.338000+00:00,-0.241814374923706,0.0646434426307678,9.9000244140625
2026-09-27 05:01:51.339000+00:00,-0.2585737705230713,0.0694318488240242,9.931148529052734
2026-09-27 05:01:51.355000+00:00,-0.2585737705230713,0.0694318488240242,9.931148529052734
2026-09-27 05:01:52.354000+00:00,-0.2394201755523681,0.0766144543886184,9.907206535339355
2026-09-27 05:01:52.371000+00:00,-0.2394201755523681,0.0766144543886184,9.907206535339355
2026-09-27 05:01:53.527000+00:00,-0.2537853717803955,0.0861912593245506,9.931148529052734
2026-09-27 05:01:53.528000+00:00,-0.2537853717803955,0.0861912593245506,9.931148529052734
2026-09-27 05:01:54.396000+00:00,-0.2106897532939911,0.071826048195362,9.916783332824709
2026-09-27 05:01:54.413000+00:00,-0.2106897532939911,0.071826048195362,9.916783332824709
2026-09-27 05:01:55.402000+00:00,-0.2585737705230713,0.0742202550172805,9.9000244140625
2026-09-27 05:01:55.419000+00:00,-0.2585737705230713,0.0742202550172805,9.9000244140625
2026-09-27 05:01:56.426000+00:00,-1.6950948238372805,0.9002198576927185,10.606313705444336
2026-09-27 05:01:56.441000+00:00,-1.6950948238372805,0.9002198576927185,10.606313705444336
2026-09-27 05:01:57.435000+00:00,-0.3112462162971496,0.0047884033992886,9.837775230407717
2026-09-27 05:01:57.452000+00:00,-0.3112462162971496,0.0047884033992886,9.837775230407717
2026-09-27 05:01:58.451000+00:00,-0.2825157940387726,0.0023942016996443,9.9000244140625
2026-09-27 05:01:58.468000+00:00,-0.2825157940387726,0.0023942016996443,9.9000244140625
2026-09-27 05:01:59.468000+00:00,-0.2873041927814483,0.0383072271943092,9.931148529052734
2026-09-27 05:01:59.485000+00:00,-0.2873041927814483,0.0383072271943092,9.931148529052734
2026-09-27 05:02:00.484000+00:00,-0.1915361285209655,0.0981622710824012,9.911994934082031
2026-09-27 05:02:00.501000+00:00,-0.1915361285209655,0.0981622710824012,9.911994934082031
2026-09-27 05:02:01.501000+00:00,-0.1316810995340347,0.1532289087772369,9.758766174316406
2026-09-27 05:02:01.518000+00:00,-0.1316810995340347,0.1532289087772369,9.758766174316406
2026-09-27 05:02:02.565000+00:00,-0.2442085742950439,0.0670376494526863,9.828198432922363
2026-09-27 05:03:05.806000+00:00,-2.808398485183716,0.4261679053306579,8.382100105285645
2026-09-27 05:03:05.807000+00:00,-2.808398485183716,0.4261679053306579,8.382100105285645
2026-09-27 05:03:06.305000+00:00,-6.325480937957764,0.332794040441513,8.111555099487305
2026-09-27 05:03:06.819000+00:00,-6.325480937957764,0.332794040441513,8.111555099487305
2026-09-27 05:03:06.820000+00:00,-6.325480937957764,0.332794040441513,8.111555099487305
2026-09-27 05:03:07.319000+00:00,-4.888959884643555,0.7876923680305481,8.710105895996094
2026-09-27 05:03:07.837000+00:00,-4.888959884643555,0.7876923680305481,8.710105895996094
2026-09-27 05:03:08.335000+00:00,-4.0964789390563965,-1.0103530883789062,9.265560150146484
2026-09-27 05:03:08.852000+00:00,-4.0964789390563965,-1.0103530883789062,9.265560150146484
2026-09-27 05:03:09.352000+00:00,-2.52109432220459,1.1300631761550903,9.81143856048584
2026-09-27 05:03:09.869000+00:00,-2.52109432220459,1.1300631761550903,9.81143856048584
2026-09-27 05:03:09.871000+00:00,-2.52109432220459,1.1300631761550903,9.81143856048584
2026-09-27 05:03:10.369000+00:00,-3.177105665206909,-1.3096283674240112,9.210494041442873
2026-09-27 05:03:10.886000+00:00,-3.177105665206909,-1.3096283674240112,9.210494041442873
2026-09-27 05:03:10.887000+00:00,-3.177105665206909,-1.3096283674240112,9.210494041442873
2026-09-27 05:03:11.385000+00:00,-2.28406834602356,-1.7693150043487549,10.17296314239502
2026-09-27 05:03:11.902000+00:00,-2.28406834602356,-1.7693150043487549,10.17296314239502
2026-09-27 05:03:12.402000+00:00,-1.678335428237915,-2.298433542251587,9.658209800720217
2026-09-27 05:03:12.926000+00:00,-1.678335428237915,-2.298433542251587,9.658209800720217
2026-09-27 05:03:12.927000+00:00,-1.678335428237915,-2.298433542251587,9.658209800720217
2026-09-27 05:03:13.419000+00:00,-0.6368576288223267,0.3375824391841888,9.914389610290527
2026-09-27 05:03:13.935000+00:00,-0.6368576288223267,0.3375824391841888,9.914389610290527
2026-09-27 05:03:13.936000+00:00,-0.6368576288223267,0.3375824391841888,9.914389610290527
2026-09-27 05:03:14.436000+00:00,-1.3551181554794312,0.524330198764801,9.828198432922363
2026-09-27 05:03:14.952000+00:00,-1.3551181554794312,0.524330198764801,9.828198432922363
2026-09-27 05:03:14.953000+00:00,-1.3551181554794312,0.524330198764801,9.828198432922363
2026-09-27 05:03:15.452000+00:00,-1.2282254695892334,0.7182605266571045,9.931148529052734
2026-09-27 05:03:15.968000+00:00,-1.2282254695892334,0.7182605266571045,9.931148529052734
2026-09-27 05:03:15.972000+00:00,-1.2282254695892334,0.7182605266571045,9.931148529052734
2026-09-27 05:03:16.469000+00:00,-2.966415882110596,1.1516109704971311,8.561665534973145
2026-09-27 05:03:17.002000+00:00,-2.966415882110596,1.1516109704971311,8.561665534973145
2026-09-27 05:03:17.003000+00:00,-2.966415882110596,1.1516109704971311,8.561665534973145
2026-09-27 05:03:17.485000+00:00,-2.482787132263184,0.0933738648891449,9.797073364257812
2026-09-27 05:03:18.035000+00:00,-2.482787132263184,0.0933738648891449,9.797073364257812
2026-09-27 05:03:18.036000+00:00,-2.482787132263184,0.0933738648891449,9.797073364257812
2026-09-27 05:03:18.502000+00:00,0.5482721924781799,-0.5171475410461426,11.858481407165527
2026-09-27 05:03:19.035000+00:00,0.5482721924781799,-0.5171475410461426,11.858481407165527
2026-09-27 05:03:19.036000+00:00,0.5482721924781799,-0.5171475410461426,11.858481407165527
2026-09-27 05:03:19.518000+00:00,1.6041151285171509,-1.3910311460494995,11.985373497009276
2026-09-27 05:03:20.066000+00:00,1.6041151285171509,-1.3910311460494995,11.985373497009276
2026-09-27 05:03:20.067000+00:00,1.6041151285171509,-1.3910311460494995,11.985373497009276
2026-09-27 05:03:20.535000+00:00,-1.9608511924743648,1.273715257644653,8.678980827331543
2026-09-27 05:03:21.083000+00:00,-1.9608511924743648,1.273715257644653,8.678980827331543
2026-09-27 05:03:21.551000+00:00,3.00711727142334,3.93367338180542,9.339780807495115
2026-09-27 05:03:22.093000+00:00,3.00711727142334,3.93367338180542,9.339780807495115
2026-09-27 05:03:22.094000+00:00,3.00711727142334,3.93367338180542,9.339780807495115
2026-09-27 05:03:22.567000+00:00,8.188169479370117,-0.6703764796257019,3.066972494125366
2026-09-27 05:03:23.100000+00:00,8.188169479370117,-0.6703764796257019,3.066972494125366
2026-09-27 05:03:23.102000+00:00,8.188169479370117,-0.6703764796257019,3.066972494125366
2026-09-27 05:03:23.576000+00:00,3.450044631958008,2.0925323963165283,9.260771751403809
2026-09-27 05:03:24.110000+00:00,3.450044631958008,2.0925323963165283,9.260771751403809
2026-09-27 05:03:24.111000+00:00,3.450044631958008,2.0925323963165283,9.260771751403809
2026-09-27 05:03:24.593000+00:00,0.5722141861915588,0.4525041282176971,9.87608242034912
2026-09-27 05:03:25.120000+00:00,0.5722141861915588,0.4525041282176971,9.87608242034912
2026-09-27 05:03:25.121000+00:00,0.5722141861915588,0.4525041282176971,9.87608242034912
2026-09-27 05:03:25.602000+00:00,-4.730942726135254,-0.2011129409074783,11.39161205291748
2026-09-27 05:03:26.126000+00:00,-4.730942726135254,-0.2011129409074783,11.39161205291748
2026-09-27 05:03:26.127000+00:00,-4.730942726135254,-0.2011129409074783,11.39161205291748
2026-09-27 05:03:26.610000+00:00,-1.0893617868423462,-0.507570743560791,9.071630477905272
2026-09-27 05:03:27.152000+00:00,-1.0893617868423462,-0.507570743560791,9.071630477905272
2026-09-27 05:03:27.153000+00:00,-1.0893617868423462,-0.507570743560791,9.071630477905272
2026-09-27 05:03:27.625000+00:00,2.542642116546631,-4.843470096588135,9.311050415039062
2026-09-27 05:03:28.159000+00:00,2.542642116546631,-4.843470096588135,9.311050415039062
2026-09-27 05:03:28.642000+00:00,0.5530605912208557,-3.998316764831543,12.24155330657959
2026-09-27 05:03:29.168000+00:00,0.5530605912208557,-3.998316764831543,12.24155330657959
2026-09-27 05:03:29.169000+00:00,0.5530605912208557,-3.998316764831543,12.24155330657959
2026-09-27 05:03:29.651000+00:00,-3.332728862762451,0.2154781520366668,9.921571731567385
2026-09-27 05:03:30.182000+00:00,-3.332728862762451,0.2154781520366668,9.921571731567385
2026-09-27 05:03:30.183000+00:00,-3.332728862762451,0.2154781520366668,9.921571731567385
2026-09-27 05:03:30.667000+00:00,-2.360682964324951,1.2880805730819702,10.862493515014648
2026-09-27 05:03:31.190000+00:00,-2.360682964324951,1.2880805730819702,10.862493515014648
2026-09-27 05:03:31.191000+00:00,-2.360682964324951,1.2880805730819702,10.862493515014648
2026-09-27 05:03:31.676000+00:00,-0.8906430602073669,1.7405846118927002,8.935160636901855
2026-09-27 05:03:32.193000+00:00,-0.8906430602073669,1.7405846118927002,8.935160636901855
2026-09-27 05:03:32.194000+00:00,-0.8906430602073669,1.7405846118927002,8.935160636901855
2026-09-27 05:03:32.692000+00:00,1.1252747774124146,-0.5722141861915588,9.129091262817385
2026-09-27 05:03:33.208000+00:00,1.1252747774124146,-0.5722141861915588,9.129091262817385
2026-09-27 05:03:33.209000+00:00,1.1252747774124146,-0.5722141861915588,9.129091262817385
2026-09-27 05:03:33.708000+00:00,8.202534675598145,-7.793126583099365,4.685452938079834
2026-09-27 05:03:34.241000+00:00,8.202534675598145,-7.793126583099365,4.685452938079834
2026-09-27 05:03:34.242000+00:00,8.202534675598145,-7.793126583099365,4.685452938079834
2026-09-27 05:03:34.725000+00:00,3.332728862762451,7.395689010620117,3.5960910320281982
2026-09-27 05:03:35.259000+00:00,3.332728862762451,7.395689010620117,3.5960910320281982
2026-09-27 05:03:35.742000+00:00,-1.4676456451416016,-5.576095581054688,5.118803024291992
2026-09-27 05:03:36.303000+00:00,-1.4676456451416016,-5.576095581054688,5.118803024291992
2026-09-27 05:03:36.751000+00:00,1.9177556037902832,3.734954595565796,8.681375503540039
2026-09-27 05:03:37.332000+00:00,1.9177556037902832,3.734954595565796,8.681375503540039
2026-09-27 05:03:37.333000+00:00,1.9177556037902832,3.734954595565796,8.681375503540039
2026-09-27 05:03:37.766000+00:00,2.7916390895843506,-0.2250549644231796,10.125079154968262
2026-09-27 05:03:38.349000+00:00,2.7916390895843506,-0.2250549644231796,10.125079154968262
2026-09-27 05:03:38.351000+00:00,2.7916390895843506,-0.2250549644231796,10.125079154968262
2026-09-27 05:03:38.783000+00:00,-1.5514427423477173,-3.845088005065918,12.559982299804688
2026-09-27 05:03:39.371000+00:00,-5.793968200683594,4.532223701477051,10.975020408630373
2026-09-27 05:03:39.372000+00:00,-5.793968200683594,4.532223701477051,10.975020408630373
2026-09-27 05:03:39.800000+00:00,-5.793968200683594,4.532223701477051,10.975020408630373
2026-09-27 05:03:40.384000+00:00,-6.62236213684082,-0.1053448766469955,9.23443603515625
2026-09-27 05:03:40.385000+00:00,-6.62236213684082,-0.1053448766469955,9.23443603515625
2026-09-27 05:03:40.809000+00:00,-6.62236213684082,-0.1053448766469955,9.23443603515625
2026-09-27 05:03:41.391000+00:00,-2.8658595085144043,-0.7493851184844971,10.663774490356444
2026-09-27 05:03:41.392000+00:00,-2.8658595085144043,-0.7493851184844971,10.663774490356444
2026-09-27 05:03:41.825000+00:00,-2.8658595085144043,-0.7493851184844971,10.663774490356444
2026-09-27 05:03:42.413000+00:00,-6.50025749206543,1.6927006244659424,10.936713218688965
2026-09-27 05:03:42.414000+00:00,-6.50025749206543,1.6927006244659424,10.936713218688965
2026-09-27 05:03:42.841000+00:00,-6.50025749206543,1.6927006244659424,10.936713218688965
2026-09-27 05:03:43.424000+00:00,-1.9632453918457031,1.3287819623947144,9.435548782348633
2026-09-27 05:03:43.425000+00:00,-1.9632453918457031,1.3287819623947144,9.435548782348633
2026-09-27 05:03:43.850000+00:00,-1.9632453918457031,1.3287819623947144,9.435548782348633
2026-09-27 05:03:44.464000+00:00,-0.8307880163192749,-1.1204863786697388,9.72285270690918
2026-09-27 05:03:44.866000+00:00,-0.8307880163192749,-1.1204863786697388,9.72285270690918
2026-09-27 05:03:45.471000+00:00,2.9089550971984863,-5.363011837005615,8.662221908569336
2026-09-27 05:03:45.473000+00:00,2.9089550971984863,-5.363011837005615,8.662221908569336
2026-09-27 05:03:45.882000+00:00,2.9089550971984863,-5.363011837005615,8.662221908569336
2026-09-27 05:03:46.483000+00:00,1.6065093278884888,-2.468421936035156,7.388506412506103
2026-09-27 05:03:46.484000+00:00,1.6065093278884888,-2.468421936035156,7.388506412506103
2026-09-27 05:03:46.899000+00:00,1.6065093278884888,-2.468421936035156,7.388506412506103
2026-09-27 05:03:47.518000+00:00,-1.194706678390503,3.1028854846954346,12.741941452026367
2026-09-27 05:03:47.520000+00:00,-1.194706678390503,3.1028854846954346,12.741941452026367
2026-09-27 05:03:47.915000+00:00,-1.194706678390503,3.1028854846954346,12.741941452026367
2026-09-27 05:03:48.532000+00:00,0.9983820915222168,-2.0015525817871094,8.98543930053711
2026-09-27 05:03:48.533000+00:00,0.9983820915222168,-2.0015525817871094,8.98543930053711
2026-09-27 05:03:48.932000+00:00,0.9983820915222168,-2.0015525817871094,8.98543930053711
2026-09-27 05:03:49.548000+00:00,1.338358759880066,-5.291185855865479,8.966285705566406
2026-09-27 05:03:49.549000+00:00,1.338358759880066,-5.291185855865479,8.966285705566406
2026-09-27 05:03:49.949000+00:00,1.338358759880066,-5.291185855865479,8.966285705566406
2026-09-27 05:03:50.567000+00:00,-1.6735470294952393,-2.0901381969451904,11.41555404663086
2026-09-27 05:03:50.568000+00:00,-1.6735470294952393,-2.0901381969451904,11.41555404663086
2026-09-27 05:03:50.965000+00:00,-1.6735470294952393,-2.0901381969451904,11.41555404663086
2026-09-27 05:03:51.582000+00:00,-0.0574608407914638,6.198588371276856,12.528857231140137
2026-09-27 05:03:51.583000+00:00,-0.0574608407914638,6.198588371276856,12.528857231140137
2026-09-27 05:03:51.982000+00:00,-0.0574608407914638,6.198588371276856,12.528857231140137
2026-09-27 05:03:52.613000+00:00,-0.9888052940368652,-0.332794040441513,9.370905876159668
2026-09-27 05:03:52.614000+00:00,-0.9888052940368652,-0.332794040441513,9.370905876159668
2026-09-27 05:03:52.991000+00:00,-0.9888052940368652,-0.332794040441513,9.370905876159668
2026-09-27 05:03:53.608000+00:00,0.1221042871475219,-3.7493197917938232,9.672574996948242
2026-09-27 05:03:53.609000+00:00,0.1221042871475219,-3.7493197917938232,9.672574996948242
2026-09-27 05:03:54.006000+00:00,0.1221042871475219,-3.7493197917938232,9.672574996948242
2026-09-27 05:03:54.653000+00:00,-4.6471452713012695,0.0646434426307678,10.467450141906738
2026-09-27 05:03:54.655000+00:00,-4.6471452713012695,0.0646434426307678,10.467450141906738
2026-09-27 05:03:55.025000+00:00,-4.6471452713012695,0.0646434426307678,10.467450141906738
2026-09-27 05:03:55.657000+00:00,-3.203441858291626,1.9800047874450684,10.417171478271484
2026-09-27 05:03:55.658000+00:00,-3.203441858291626,1.9800047874450684,10.417171478271484
2026-09-27 05:03:56.040000+00:00,-3.203441858291626,1.9800047874450684,10.417171478271484
2026-09-27 05:03:56.672000+00:00,-2.7724854946136475,0.9074024558067322,9.84495735168457
2026-09-27 05:03:56.673000+00:00,-2.7724854946136475,0.9074024558067322,9.84495735168457
2026-09-27 05:03:57.056000+00:00,-2.7724854946136475,0.9074024558067322,9.84495735168457
2026-09-27 05:03:57.721000+00:00,-2.875436305999756,-2.2194249629974365,9.68694019317627
2026-09-27 05:03:57.722000+00:00,-2.875436305999756,-2.2194249629974365,9.68694019317627
2026-09-27 05:03:58.073000+00:00,-2.875436305999756,-2.2194249629974365,9.68694019317627
2026-09-27 05:03:58.732000+00:00,-5.568912982940674,1.5921441316604614,9.160215377807615
2026-09-27 05:03:58.733000+00:00,-5.568912982940674,1.5921441316604614,9.160215377807615
2026-09-27 05:03:59.089000+00:00,-5.568912982940674,1.5921441316604614,9.160215377807615
2026-09-27 05:03:59.740000+00:00,0.3423708379268646,-1.8100165128707888,8.78193187713623
2026-09-27 05:04:00.099000+00:00,0.3423708379268646,-1.8100165128707888,8.78193187713623
2026-09-27 05:04:00.749000+00:00,-1.948880195617676,7.000645637512207,-9.095572471618652
2026-09-27 05:04:00.750000+00:00,-1.948880195617676,7.000645637512207,-9.095572471618652
2026-09-27 05:04:01.114000+00:00,-1.948880195617676,7.000645637512207,-9.095572471618652
2026-09-27 05:04:01.783000+00:00,-8.858546257019043,-5.523423194885254,3.600879430770874
2026-09-27 05:04:01.784000+00:00,-8.858546257019043,-5.523423194885254,3.600879430770874
2026-09-27 05:04:02.131000+00:00,-8.858546257019043,-5.523423194885254,3.600879430770874
2026-09-27 05:04:02.799000+00:00,0.0095768067985773,7.872135162353516,12.722787857055664
2026-09-27 05:04:03.147000+00:00,0.0095768067985773,7.872135162353516,12.722787857055664
2026-09-27 05:04:03.818000+00:00,-5.274426460266113,-3.509899616241455,9.129091262817385
2026-09-27 05:04:03.819000+00:00,-5.274426460266113,-3.509899616241455,9.129091262817385
2026-09-27 05:04:04.164000+00:00,-5.274426460266113,-3.509899616241455,9.129091262817385
2026-09-27 05:04:04.852000+00:00,-5.612008571624756,-7.223306655883789,1.6065093278884888
2026-09-27 05:04:04.853000+00:00,-5.612008571624756,-7.223306655883789,1.6065093278884888
2026-09-27 05:04:05.180000+00:00,-5.612008571624756,-7.223306655883789,1.6065093278884888
2026-09-27 05:04:05.919000+00:00,-7.800309181213379,-4.259284973144531,7.989450931549072
2026-09-27 05:04:05.920000+00:00,-7.800309181213379,-4.259284973144531,7.989450931549072
2026-09-27 05:04:06.196000+00:00,-7.800309181213379,-4.259284973144531,7.989450931549072
2026-09-27 05:04:06.930000+00:00,-7.465120792388916,0.4716577231884002,10.54406452178955
2026-09-27 05:04:06.931000+00:00,-7.465120792388916,0.4716577231884002,10.54406452178955
2026-09-27 05:04:07.214000+00:00,-7.465120792388916,0.4716577231884002,10.54406452178955
2026-09-27 05:04:07.947000+00:00,-3.770867586135864,-5.774814605712891,7.457938194274902
2026-09-27 05:04:07.953000+00:00,-3.770867586135864,-5.774814605712891,7.457938194274902
2026-09-27 05:04:08.230000+00:00,-3.770867586135864,-5.774814605712891,7.457938194274902
2026-09-27 05:04:09.012000+00:00,-1.4700398445129397,-7.204153060913086,7.635109424591064
2026-09-27 05:04:09.246000+00:00,-1.4700398445129397,-7.204153060913086,7.635109424591064
2026-09-27 05:04:10.014000+00:00,0.751779317855835,9.229647636413574,8.216899871826172
2026-09-27 05:04:10.015000+00:00,0.751779317855835,9.229647636413574,8.216899871826172
2026-09-27 05:04:10.263000+00:00,0.751779317855835,9.229647636413574,8.216899871826172
2026-09-27 05:04:11.030000+00:00,-5.951985359191895,-5.937620162963867,8.35336971282959
2026-09-27 05:04:11.279000+00:00,-5.951985359191895,-5.937620162963867,8.35336971282959
2026-09-27 05:04:12.069000+00:00,-12.320562362670898,-6.09324312210083,-3.584120035171509
2026-09-27 05:04:12.070000+00:00,-12.320562362670898,-6.09324312210083,-3.584120035171509
2026-09-27 05:04:12.297000+00:00,-12.320562362670898,-6.09324312210083,-3.584120035171509
2026-09-27 05:04:13.079000+00:00,-9.02135181427002,-6.426037311553955,-2.0254945755004883
2026-09-27 05:04:13.080000+00:00,-9.02135181427002,-6.426037311553955,-2.0254945755004883
2026-09-27 05:04:13.312000+00:00,-9.02135181427002,-6.426037311553955,-2.0254945755004883
2026-09-27 05:04:14.083000+00:00,-2.980781078338623,0.7350199222564697,9.971850395202637
2026-09-27 05:04:14.085000+00:00,-2.980781078338623,0.7350199222564697,9.971850395202637
2026-09-27 05:04:14.321000+00:00,-2.980781078338623,0.7350199222564697,9.971850395202637
2026-09-27 05:04:15.089000+00:00,-5.439626216888428,-6.588842868804932,7.218518257141113
2026-09-27 05:04:15.338000+00:00,-5.439626216888428,-6.588842868804932,7.218518257141113
2026-09-27 05:04:16.105000+00:00,-9.277531623840332,2.9975404739379883,1.0558429956436155
2026-09-27 05:04:16.354000+00:00,-9.277531623840332,2.9975404739379883,1.0558429956436155
2026-09-27 05:04:17.121000+00:00,-4.683058738708496,-1.7142484188079834,11.908759117126465
2026-09-27 05:04:17.122000+00:00,-4.683058738708496,-1.7142484188079834,11.908759117126465
2026-09-27 05:04:17.371000+00:00,-4.683058738708496,-1.7142484188079834,11.908759117126465
2026-09-27 05:04:18.130000+00:00,-4.881777286529541,-5.983109951019287,9.421183586120604
2026-09-27 05:04:18.131000+00:00,-4.881777286529541,-5.983109951019287,9.421183586120604
2026-09-27 05:04:18.388000+00:00,-4.881777286529541,-5.983109951019287,9.421183586120604
2026-09-27 05:04:19.146000+00:00,-14.346056938171388,3.050212860107422,0.912190854549408
2026-09-27 05:04:19.388000+00:00,-14.346056938171388,3.050212860107422,0.912190854549408
2026-09-27 05:04:20.154000+00:00,-3.845088005065918,-0.3543418645858764,9.854534149169922
2026-09-27 05:04:20.155000+00:00,-3.845088005065918,-0.3543418645858764,9.854534149169922
2026-09-27 05:04:20.403000+00:00,-3.845088005065918,-0.3543418645858764,9.854534149169922
2026-09-27 05:04:21.165000+00:00,-1.4676456451416016,-3.471592426300049,8.583212852478027
2026-09-27 05:04:21.167000+00:00,-1.4676456451416016,-3.471592426300049,8.583212852478027
2026-09-27 05:04:21.413000+00:00,-1.4676456451416016,-3.471592426300049,8.583212852478027
2026-09-27 05:04:22.179000+00:00,-10.60152530670166,-5.003881454467773,-5.070919036865234
2026-09-27 05:04:22.180000+00:00,-10.60152530670166,-5.003881454467773,-5.070919036865234
2026-09-27 05:04:22.429000+00:00,-10.60152530670166,-5.003881454467773,-5.070919036865234
2026-09-27 05:04:23.202000+00:00,-6.114790916442871,-4.963180065155029,8.731653213500977
2026-09-27 05:04:23.446000+00:00,-6.114790916442871,-4.963180065155029,8.731653213500977
2026-09-27 05:04:24.212000+00:00,-0.4118026793003082,1.6950948238372805,10.376470565795898
2026-09-27 05:04:24.213000+00:00,-0.4118026793003082,1.6950948238372805,10.376470565795898
2026-09-27 05:04:24.462000+00:00,-0.4118026793003082,1.6950948238372805,10.376470565795898
2026-09-27 05:04:25.228000+00:00,-6.423643112182617,-3.581725835800171,11.051634788513184
2026-09-27 05:04:25.229000+00:00,-6.423643112182617,-3.581725835800171,11.051634788513184
2026-09-27 05:04:25.480000+00:00,-6.423643112182617,-3.581725835800171,11.051634788513184
2026-09-27 05:04:26.259000+00:00,-0.0814028605818748,4.357447147369385,7.443572998046875
2026-09-27 05:04:26.260000+00:00,-0.0814028605818748,4.357447147369385,7.443572998046875
2026-09-27 05:04:26.495000+00:00,-0.0814028605818748,4.357447147369385,7.443572998046875
2026-09-27 05:04:27.267000+00:00,-8.62630844116211,4.654327869415283,6.94079065322876
2026-09-27 05:04:27.268000+00:00,-8.62630844116211,4.654327869415283,6.94079065322876
2026-09-27 05:04:27.505000+00:00,-8.62630844116211,4.654327869415283,6.94079065322876
2026-09-27 05:04:28.271000+00:00,-2.738966703414917,-5.767632007598877,9.064447402954102
2026-09-27 05:04:28.272000+00:00,-2.738966703414917,-5.767632007598877,9.064447402954102
2026-09-27 05:04:28.521000+00:00,-2.738966703414917,-5.767632007598877,9.064447402954102
2026-09-27 05:04:29.288000+00:00,-6.129156112670898,4.651933670043945,9.32302188873291
2026-09-27 05:04:29.289000+00:00,-6.129156112670898,4.651933670043945,9.32302188873291
2026-09-27 05:04:29.530000+00:00,-6.129156112670898,4.651933670043945,9.32302188873291
2026-09-27 05:04:30.287000+00:00,-5.899312973022461,-0.4596867263317108,7.565677165985107
2026-09-27 05:04:30.288000+00:00,-5.899312973022461,-0.4596867263317108,7.565677165985107
2026-09-27 05:04:30.538000+00:00,-5.899312973022461,-0.4596867263317108,7.565677165985107
2026-09-27 05:04:31.327000+00:00,-3.1938650608062744,-2.82515811920166,9.555258750915527
2026-09-27 05:04:31.328000+00:00,-3.1938650608062744,-2.82515811920166,9.555258750915527
2026-09-27 05:04:31.546000+00:00,-3.1938650608062744,-2.82515811920166,9.555258750915527
2026-09-27 05:04:32.330000+00:00,-5.509057998657227,8.619126319885254,7.362170219421387
2026-09-27 05:04:32.562000+00:00,-5.509057998657227,8.619126319885254,7.362170219421387
2026-09-27 05:04:33.338000+00:00,-3.363853454589844,-3.44765043258667,8.379706382751465
2026-09-27 05:04:33.339000+00:00,-3.363853454589844,-3.44765043258667,8.379706382751465
2026-09-27 05:04:33.572000+00:00,-3.363853454589844,-3.44765043258667,8.379706382751465
2026-09-27 05:04:34.346000+00:00,-4.333505153656006,0.1221042871475219,10.54406452178955
2026-09-27 05:04:34.347000+00:00,-4.333505153656006,0.1221042871475219,10.54406452178955
2026-09-27 05:04:34.580000+00:00,-4.333505153656006,0.1221042871475219,10.54406452178955
2026-09-27 05:04:35.354000+00:00,-7.908048152923584,7.90086555480957,-2.2816741466522217
2026-09-27 05:04:35.355000+00:00,-7.908048152923584,7.90086555480957,-2.2816741466522217
2026-09-27 05:04:35.596000+00:00,-7.908048152923584,7.90086555480957,-2.2816741466522217
2026-09-27 05:04:36.355000+00:00,-13.259089469909668,5.3342814445495605,-2.365471363067627
2026-09-27 05:04:36.605000+00:00,-13.259089469909668,5.3342814445495605,-2.365471363067627
2026-09-27 05:04:37.373000+00:00,-12.471396446228027,5.609614372253418,-0.0430956296622753
2026-09-27 05:04:37.613000+00:00,-12.471396446228027,5.609614372253418,-0.0430956296622753
2026-09-27 05:04:38.391000+00:00,-6.457161903381348,8.59997272491455,-6.418854713439941
2026-09-27 05:04:38.392000+00:00,-6.457161903381348,8.59997272491455,-6.418854713439941
2026-09-27 05:04:38.622000+00:00,-6.457161903381348,8.59997272491455,-6.418854713439941
2026-09-27 05:04:39.388000+00:00,1.3287819623947144,-3.876212596893311,13.242329597473145
2026-09-27 05:04:39.637000+00:00,1.3287819623947144,-3.876212596893311,13.242329597473145
2026-09-27 05:04:40.397000+00:00,-4.345476150512695,5.990292549133301,5.626373767852783
2026-09-27 05:04:40.647000+00:00,-4.345476150512695,5.990292549133301,5.626373767852783
2026-09-27 05:04:41.404000+00:00,-4.9368438720703125,-3.813963413238525,11.003750801086426
2026-09-27 05:04:41.405000+00:00,-4.9368438720703125,-3.813963413238525,11.003750801086426
2026-09-27 05:04:41.655000+00:00,-4.9368438720703125,-3.813963413238525,11.003750801086426
2026-09-27 05:04:42.413000+00:00,-8.760383605957031,2.518700122833252,11.334151268005373
2026-09-27 05:04:42.414000+00:00,-8.760383605957031,2.518700122833252,11.334151268005373
2026-09-27 05:04:42.663000+00:00,-8.760383605957031,2.518700122833252,11.334151268005373
2026-09-27 05:04:43.413000+00:00,-6.004657745361328,8.058882713317871,3.883395195007324
2026-09-27 05:04:43.664000+00:00,-6.004657745361328,8.058882713317871,3.883395195007324
2026-09-27 05:04:44.421000+00:00,-1.745373010635376,-4.709394931793213,12.947842597961426
2026-09-27 05:04:44.423000+00:00,-1.745373010635376,-4.709394931793213,12.947842597961426
2026-09-27 05:04:44.673000+00:00,-1.745373010635376,-4.709394931793213,12.947842597961426
2026-09-27 05:04:45.430000+00:00,-8.178592681884766,5.226542472839356,8.006210327148438
2026-09-27 05:04:45.431000+00:00,-8.178592681884766,5.226542472839356,8.006210327148438
2026-09-27 05:04:45.680000+00:00,-8.178592681884766,5.226542472839356,8.006210327148438
2026-09-27 05:04:46.438000+00:00,-8.860940933227539,2.523488521575928,9.308655738830566
2026-09-27 05:04:46.440000+00:00,-8.860940933227539,2.523488521575928,9.308655738830566
2026-09-27 05:04:46.688000+00:00,-8.860940933227539,2.523488521575928,9.308655738830566
2026-09-27 05:04:47.454000+00:00,-3.184288263320923,-2.142810583114624,10.994174003601074
2026-09-27 05:04:47.456000+00:00,-3.184288263320923,-2.142810583114624,10.994174003601074
2026-09-27 05:04:47.696000+00:00,-3.184288263320923,-2.142810583114624,10.994174003601074
2026-09-27 05:04:48.463000+00:00,-4.321534156799316,4.273650169372559,7.910442352294922
2026-09-27 05:04:48.464000+00:00,-4.321534156799316,4.273650169372559,7.910442352294922
2026-09-27 05:04:48.712000+00:00,-4.321534156799316,4.273650169372559,7.910442352294922
2026-09-27 05:04:49.471000+00:00,-8.87291145324707,-7.620744228363037,-7.297526836395264
2026-09-27 05:04:49.472000+00:00,-8.87291145324707,-7.620744228363037,-7.297526836395264
2026-09-27 05:04:49.721000+00:00,-8.87291145324707,-7.620744228363037,-7.297526836395264
2026-09-27 05:04:50.481000+00:00,-11.566388130187988,0.9959878921508788,2.140416383743286
2026-09-27 05:04:50.730000+00:00,-11.566388130187988,0.9959878921508788,2.140416383743286
2026-09-27 05:04:51.495000+00:00,4.704606533050537,-13.03403377532959,-4.551377296447754
2026-09-27 05:04:51.496000+00:00,4.704606533050537,-13.03403377532959,-4.551377296447754
2026-09-27 05:04:51.745000+00:00,4.704606533050537,-13.03403377532959,-4.551377296447754
2026-09-27 05:04:52.512000+00:00,-8.372523307800293,-7.441178798675537,16.306907653808594
2026-09-27 05:04:52.761000+00:00,-8.372523307800293,-7.441178798675537,16.306907653808594
2026-09-27 05:04:53.535000+00:00,-12.75151824951172,-0.3303998410701751,2.7892448902130127
2026-09-27 05:04:53.536000+00:00,-12.75151824951172,-0.3303998410701751,2.7892448902130127
2026-09-27 05:04:53.779000+00:00,-12.75151824951172,-0.3303998410701751,2.7892448902130127
2026-09-27 05:04:54.545000+00:00,-11.982979774475098,5.578489780426025,-0.9792284965515136
2026-09-27 05:04:54.546000+00:00,-11.982979774475098,5.578489780426025,-0.9792284965515136
2026-09-27 05:04:54.795000+00:00,-11.982979774475098,5.578489780426025,-0.9792284965515136
2026-09-27 05:04:55.564000+00:00,1.723825216293335,-0.828393816947937,11.420342445373535
2026-09-27 05:04:55.565000+00:00,1.723825216293335,-0.828393816947937,11.420342445373535
2026-09-27 05:04:55.812000+00:00,1.723825216293335,-0.828393816947937,11.420342445373535
2026-09-27 05:04:56.578000+00:00,-15.40668773651123,1.3646949529647827,3.687070608139038
2026-09-27 05:04:56.579000+00:00,-15.40668773651123,1.3646949529647827,3.687070608139038
2026-09-27 05:04:56.828000+00:00,-15.40668773651123,1.3646949529647827,3.687070608139038
2026-09-27 05:04:57.614000+00:00,-14.43464183807373,-2.1763293743133545,-10.860098838806152
2026-09-27 05:04:57.615000+00:00,-14.43464183807373,-2.1763293743133545,-10.860098838806152
2026-09-27 05:04:57.844000+00:00,-14.43464183807373,-2.1763293743133545,-10.860098838806152
2026-09-27 05:04:58.630000+00:00,-11.8225679397583,-2.9688100814819336,8.549694061279297
2026-09-27 05:04:58.632000+00:00,-11.8225679397583,-2.9688100814819336,8.549694061279297
2026-09-27 05:04:58.861000+00:00,-11.8225679397583,-2.9688100814819336,8.549694061279297
2026-09-27 05:04:59.645000+00:00,0.6344634294509888,-10.888829231262209,-12.734758377075195
2026-09-27 05:04:59.878000+00:00,0.6344634294509888,-10.888829231262209,-12.734758377075195
2026-09-27 05:05:00.675000+00:00,-10.924742698669434,-4.9799394607543945,14.13057804107666
2026-09-27 05:05:00.676000+00:00,-10.924742698669434,-4.9799394607543945,14.13057804107666
2026-09-27 05:05:00.895000+00:00,-10.924742698669434,-4.9799394607543945,14.13057804107666
2026-09-27 05:05:01.677000+00:00,-6.890512466430664,-2.1284453868865967,-7.412448406219482
2026-09-27 05:05:01.678000+00:00,-6.890512466430664,-2.1284453868865967,-7.412448406219482
2026-09-27 05:05:01.910000+00:00,-6.890512466430664,-2.1284453868865967,-7.412448406219482
2026-09-27 05:05:02.695000+00:00,-3.928884983062744,-4.481945514678955,-8.973467826843262
2026-09-27 05:05:02.696000+00:00,-3.928884983062744,-4.481945514678955,-8.973467826843262
2026-09-27 05:05:02.926000+00:00,-3.928884983062744,-4.481945514678955,-8.973467826843262
2026-09-27 05:05:03.710000+00:00,-8.69095230102539,-1.1444283723831177,4.352658748626709
2026-09-27 05:05:03.943000+00:00,-8.69095230102539,-1.1444283723831177,4.352658748626709
2026-09-27 05:05:04.732000+00:00,3.533841609954834,-10.903194427490234,-4.194641590118408
2026-09-27 05:05:04.733000+00:00,3.533841609954834,-10.903194427490234,-4.194641590118408
2026-09-27 05:05:04.960000+00:00,3.533841609954834,-10.903194427490234,-4.194641590118408
2026-09-27 05:05:05.743000+00:00,-9.038111686706545,3.794809579849243,-3.739742994308472
2026-09-27 05:05:05.744000+00:00,-9.038111686706545,3.794809579849243,-3.739742994308472
2026-09-27 05:05:05.976000+00:00,-9.038111686706545,3.794809579849243,-3.739742994308472
2026-09-27 05:05:06.762000+00:00,-9.421183586120604,1.1109095811843872,5.2049946784973145
2026-09-27 05:05:06.763000+00:00,-9.421183586120604,1.1109095811843872,5.2049946784973145
2026-09-27 05:05:06.993000+00:00,-9.421183586120604,1.1109095811843872,5.2049946784973145
2026-09-27 05:05:07.806000+00:00,-4.49870491027832,9.485827445983888,-4.460397720336914
2026-09-27 05:05:07.807000+00:00,-4.49870491027832,9.485827445983888,-4.460397720336914
2026-09-27 05:05:08.009000+00:00,-4.49870491027832,9.485827445983888,-4.460397720336914
2026-09-27 05:05:08.814000+00:00,-11.68849277496338,-2.557007312774658,10.541669845581056
2026-09-27 05:05:08.815000+00:00,-11.68849277496338,-2.557007312774658,10.541669845581056
2026-09-27 05:05:09.026000+00:00,-11.68849277496338,-2.557007312774658,10.541669845581056
2026-09-27 05:05:09.827000+00:00,-9.47146224975586,9.464279174804688,1.295263171195984
2026-09-27 05:05:10.043000+00:00,-9.47146224975586,9.464279174804688,1.295263171195984
2026-09-27 05:05:10.843000+00:00,-11.51850414276123,-6.19379997253418,9.44752025604248
2026-09-27 05:05:10.844000+00:00,-11.51850414276123,-6.19379997253418,9.44752025604248
2026-09-27 05:05:11.060000+00:00,-11.51850414276123,-6.19379997253418,9.44752025604248
2026-09-27 05:05:11.864000+00:00,-8.746018409729004,-1.039083480834961,3.615244626998901
2026-09-27 05:05:12.076000+00:00,-8.746018409729004,-1.039083480834961,3.615244626998901
2026-09-27 05:05:12.876000+00:00,-5.341464042663574,8.880094528198242,3.1699230670928955
2026-09-27 05:05:12.877000+00:00,-5.341464042663574,8.880094528198242,3.1699230670928955
2026-09-27 05:05:13.093000+00:00,-5.341464042663574,8.880094528198242,3.1699230670928955
2026-09-27 05:05:13.892000+00:00,1.7286136150360107,-2.813186883926392,3.1435868740081787
2026-09-27 05:05:13.893000+00:00,1.7286136150360107,-2.813186883926392,3.1435868740081787
2026-09-27 05:05:14.109000+00:00,1.7286136150360107,-2.813186883926392,3.1435868740081787
2026-09-27 05:05:14.962000+00:00,-2.2625205516815186,9.53849983215332,11.065999984741213
2026-09-27 05:05:14.963000+00:00,-2.2625205516815186,9.53849983215332,11.065999984741213
2026-09-27 05:05:15.125000+00:00,-2.2625205516815186,9.53849983215332,11.065999984741213
2026-09-27 05:05:15.975000+00:00,-3.7612907886505127,-7.024587631225586,6.950367450714111
2026-09-27 05:05:15.976000+00:00,-3.7612907886505127,-7.024587631225586,6.950367450714111
2026-09-27 05:05:16.143000+00:00,-3.7612907886505127,-7.024587631225586,6.950367450714111
2026-09-27 05:05:16.985000+00:00,5.377377033233643,-4.400542736053467,8.966285705566406
2026-09-27 05:05:16.987000+00:00,5.377377033233643,-4.400542736053467,8.966285705566406
2026-09-27 05:05:17.152000+00:00,5.377377033233643,-4.400542736053467,8.966285705566406
2026-09-27 05:05:18.002000+00:00,3.507505416870117,1.5322890281677246,8.841787338256836
2026-09-27 05:05:18.003000+00:00,3.507505416870117,1.5322890281677246,8.841787338256836
2026-09-27 05:05:18.168000+00:00,3.507505416870117,1.5322890281677246,8.841787338256836
2026-09-27 05:05:19.018000+00:00,4.541800498962402,1.0271124839782717,9.90241813659668
2026-09-27 05:05:19.019000+00:00,4.541800498962402,1.0271124839782717,9.90241813659668
2026-09-27 05:05:19.184000+00:00,4.541800498962402,1.0271124839782717,9.90241813659668
2026-09-27 05:05:20.036000+00:00,2.3080103397369385,5.600037574768066,7.611167430877685
2026-09-27 05:05:20.037000+00:00,2.3080103397369385,5.600037574768066,7.611167430877685
2026-09-27 05:05:20.201000+00:00,2.3080103397369385,5.600037574768066,7.611167430877685
2026-09-27 05:05:21.044000+00:00,8.702922821044922,5.657498836517334,8.983044624328613
2026-09-27 05:05:21.045000+00:00,8.702922821044922,5.657498836517334,8.983044624328613
2026-09-27 05:05:21.210000+00:00,8.702922821044922,5.657498836517334,8.983044624328613
2026-09-27 05:05:22.059000+00:00,6.715735912322998,-3.708618402481079,9.232041358947754
2026-09-27 05:05:22.060000+00:00,6.715735912322998,-3.708618402481079,9.232041358947754
2026-09-27 05:05:22.226000+00:00,6.715735912322998,-3.708618402481079,9.232041358947754
2026-09-27 05:05:23.069000+00:00,7.608773231506348,2.7892448902130127,7.481880187988281
2026-09-27 05:05:23.070000+00:00,7.608773231506348,2.7892448902130127,7.481880187988281
2026-09-27 05:05:23.236000+00:00,7.608773231506348,2.7892448902130127,7.481880187988281
2026-09-27 05:05:24.084000+00:00,-6.971915245056152,-10.970232009887695,-5.317522048950195
2026-09-27 05:05:24.085000+00:00,-6.971915245056152,-10.970232009887695,-5.317522048950195
2026-09-27 05:05:24.251000+00:00,-6.971915245056152,-10.970232009887695,-5.317522048950195
2026-09-27 05:05:25.101000+00:00,7.441178798675537,-1.2425906658172607,-4.5154643058776855
2026-09-27 05:05:25.106000+00:00,7.441178798675537,-1.2425906658172607,-4.5154643058776855
2026-09-27 05:05:25.260000+00:00,7.441178798675537,-1.2425906658172607,-4.5154643058776855
2026-09-27 05:05:26.112000+00:00,7.989450931549072,2.2242133617401123,6.282385349273682
2026-09-27 05:05:26.113000+00:00,7.989450931549072,2.2242133617401123,6.282385349273682
2026-09-27 05:05:26.270000+00:00,7.989450931549072,2.2242133617401123,6.282385349273682
2026-09-27 05:05:27.120000+00:00,10.54645824432373,8.485051155090332,-1.3479355573654177
2026-09-27 05:05:27.285000+00:00,10.54645824432373,8.485051155090332,-1.3479355573654177
2026-09-27 05:05:28.136000+00:00,6.555324077606201,-4.311957359313965,10.831368446350098
2026-09-27 05:05:28.137000+00:00,6.555324077606201,-4.311957359313965,10.831368446350098
2026-09-27 05:05:28.302000+00:00,6.555324077606201,-4.311957359313965,10.831368446350098
2026-09-27 05:05:29.145000+00:00,2.604891538619995,1.1635819673538208,10.972626686096191
2026-09-27 05:05:29.146000+00:00,2.604891538619995,1.1635819673538208,10.972626686096191
2026-09-27 05:05:29.311000+00:00,2.604891538619995,1.1635819673538208,10.972626686096191
2026-09-27 05:05:30.162000+00:00,10.3549222946167,-7.589619159698486,3.272873640060425
2026-09-27 05:05:30.327000+00:00,10.3549222946167,-7.589619159698486,3.272873640060425
2026-09-27 05:05:31.177000+00:00,0.5195417404174805,-8.504204750061035,13.893552780151367
2026-09-27 05:05:31.178000+00:00,0.5195417404174805,-8.504204750061035,13.893552780151367
2026-09-27 05:05:31.344000+00:00,0.5195417404174805,-8.504204750061035,13.893552780151367
2026-09-27 05:05:32.186000+00:00,4.702212333679199,1.601720929145813,9.363722801208496
2026-09-27 05:05:32.188000+00:00,4.702212333679199,1.601720929145813,9.363722801208496
2026-09-27 05:05:32.353000+00:00,4.702212333679199,1.601720929145813,9.363722801208496
2026-09-27 05:05:33.203000+00:00,14.34366226196289,-6.117185115814209,0.7709329724311829
2026-09-27 05:05:33.204000+00:00,14.34366226196289,-6.117185115814209,0.7709329724311829
2026-09-27 05:05:33.368000+00:00,14.34366226196289,-6.117185115814209,0.7709329724311829
2026-09-27 05:05:34.218000+00:00,-2.846705913543701,-5.693411827087402,13.433865547180176
2026-09-27 05:05:34.220000+00:00,-2.846705913543701,-5.693411827087402,13.433865547180176
2026-09-27 05:05:34.368000+00:00,-2.846705913543701,-5.693411827087402,13.433865547180176
2026-09-27 05:05:35.228000+00:00,11.930307388305664,3.813963413238525,1.81959331035614
2026-09-27 05:05:35.377000+00:00,11.930307388305664,3.813963413238525,1.81959331035614
2026-09-27 05:05:36.236000+00:00,4.501099109649658,-5.664681434631348,10.465055465698242
2026-09-27 05:05:36.237000+00:00,4.501099109649658,-5.664681434631348,10.465055465698242
2026-09-27 05:05:36.386000+00:00,4.501099109649658,-5.664681434631348,10.465055465698242
2026-09-27 05:05:37.244000+00:00,13.474567413330078,2.8993782997131348,2.602497339248657
2026-09-27 05:05:37.245000+00:00,13.474567413330078,2.8993782997131348,2.602497339248657
2026-09-27 05:05:37.393000+00:00,13.474567413330078,2.8993782997131348,2.602497339248657
2026-09-27 05:05:38.260000+00:00,4.108449935913086,5.025429248809815,5.473145008087158
2026-09-27 05:05:38.409000+00:00,4.108449935913086,5.025429248809815,5.473145008087158
2026-09-27 05:05:39.276000+00:00,7.953537940979004,2.8993782997131348,6.785167694091797
2026-09-27 05:05:39.278000+00:00,7.953537940979004,2.8993782997131348,6.785167694091797
2026-09-27 05:05:39.426000+00:00,7.953537940979004,2.8993782997131348,6.785167694091797
2026-09-27 05:05:40.293000+00:00,4.060565948486328,-2.7724854946136475,10.491392135620115
2026-09-27 05:05:40.295000+00:00,4.060565948486328,-2.7724854946136475,10.491392135620115
2026-09-27 05:05:40.436000+00:00,4.060565948486328,-2.7724854946136475,10.491392135620115
2026-09-27 05:05:41.303000+00:00,1.012747287750244,10.1753568649292,-5.286397457122803
2026-09-27 05:05:41.304000+00:00,1.012747287750244,10.1753568649292,-5.286397457122803
2026-09-27 05:05:41.452000+00:00,1.012747287750244,10.1753568649292,-5.286397457122803
2026-09-27 05:05:42.318000+00:00,8.130708694458008,6.48828649520874,4.108449935913086
2026-09-27 05:05:42.319000+00:00,8.130708694458008,6.48828649520874,4.108449935913086
2026-09-27 05:05:42.469000+00:00,8.130708694458008,6.48828649520874,4.108449935913086
2026-09-27 05:05:43.335000+00:00,-7.082048416137695,5.755661010742188,7.450755596160889
2026-09-27 05:05:43.336000+00:00,-7.082048416137695,5.755661010742188,7.450755596160889
2026-09-27 05:05:43.485000+00:00,-7.082048416137695,5.755661010742188,7.450755596160889
2026-09-27 05:05:44.354000+00:00,6.687005519866943,4.113238334655762,9.615114212036133
2026-09-27 05:05:44.355000+00:00,6.687005519866943,4.113238334655762,9.615114212036133
2026-09-27 05:05:44.502000+00:00,6.687005519866943,4.113238334655762,9.615114212036133
2026-09-27 05:05:45.369000+00:00,8.185775756835938,-4.783615112304688,14.298172950744627
2026-09-27 05:05:45.370000+00:00,8.185775756835938,-4.783615112304688,14.298172950744627
2026-09-27 05:05:45.518000+00:00,8.185775756835938,-4.783615112304688,14.298172950744627
2026-09-27 05:05:46.385000+00:00,24.741680145263672,-28.208484649658203,30.08314514160156
2026-09-27 05:05:46.386000+00:00,24.741680145263672,-28.208484649658203,30.08314514160156
2026-09-27 05:05:46.536000+00:00,24.741680145263672,-28.208484649658203,30.08314514160156
2026-09-27 05:05:47.402000+00:00,6.287173748016357,7.790732383728027,11.88002872467041
2026-09-27 05:05:47.403000+00:00,6.287173748016357,7.790732383728027,11.88002872467041
2026-09-27 05:05:47.551000+00:00,6.287173748016357,7.790732383728027,11.88002872467041
2026-09-27 05:05:48.411000+00:00,3.373430252075196,4.177882194519043,8.303091049194336
2026-09-27 05:05:48.562000+00:00,3.373430252075196,4.177882194519043,8.303091049194336
2026-09-27 05:05:49.428000+00:00,8.604761123657227,2.683900117874145,1.7860745191574097
2026-09-27 05:05:49.429000+00:00,8.604761123657227,2.683900117874145,1.7860745191574097
2026-09-27 05:05:49.577000+00:00,8.604761123657227,2.683900117874145,1.7860745191574097
2026-09-27 05:05:50.444000+00:00,3.536235809326172,-2.6240451335906982,11.808202743530272
2026-09-27 05:05:50.446000+00:00,3.536235809326172,-2.6240451335906982,11.808202743530272
2026-09-27 05:05:50.593000+00:00,3.536235809326172,-2.6240451335906982,11.808202743530272
2026-09-27 05:05:51.461000+00:00,5.058948040008545,-0.0861912593245506,8.604761123657227
2026-09-27 05:05:51.462000+00:00,5.058948040008545,-0.0861912593245506,8.604761123657227
2026-09-27 05:05:51.603000+00:00,5.058948040008545,-0.0861912593245506,8.604761123657227
2026-09-27 05:05:52.470000+00:00,6.610390663146973,-0.1173158809542656,4.982333660125732
2026-09-27 05:05:52.472000+00:00,6.610390663146973,-0.1173158809542656,4.982333660125732
2026-09-27 05:05:52.619000+00:00,6.610390663146973,-0.1173158809542656,4.982333660125732
2026-09-27 05:05:53.485000+00:00,4.388571739196777,-1.158793568611145,5.748478412628174
2026-09-27 05:05:53.487000+00:00,4.388571739196777,-1.158793568611145,5.748478412628174
2026-09-27 05:05:53.636000+00:00,4.388571739196777,-1.158793568611145,5.748478412628174
2026-09-27 05:05:54.495000+00:00,-2.169146776199341,-5.499481201171875,12.744335174560549
2026-09-27 05:05:54.496000+00:00,-2.169146776199341,-5.499481201171875,12.744335174560549
2026-09-27 05:05:54.644000+00:00,-2.169146776199341,-5.499481201171875,12.744335174560549
2026-09-27 05:05:55.504000+00:00,2.729389905929565,-6.212953567504883,10.29746150970459
2026-09-27 05:05:55.505000+00:00,2.729389905929565,-6.212953567504883,10.29746150970459
2026-09-27 05:05:55.653000+00:00,2.729389905929565,-6.212953567504883,10.29746150970459
2026-09-27 05:05:56.518000+00:00,-7.570465564727783,5.382165431976318,12.552799224853516
2026-09-27 05:05:56.519000+00:00,-7.570465564727783,5.382165431976318,12.552799224853516
2026-09-27 05:05:56.669000+00:00,-7.570465564727783,5.382165431976318,12.552799224853516
2026-09-27 05:05:57.528000+00:00,4.151545524597168,-5.5976433753967285,9.490615844726562
2026-09-27 05:05:57.530000+00:00,4.151545524597168,-5.5976433753967285,9.490615844726562
2026-09-27 05:05:57.678000+00:00,4.151545524597168,-5.5976433753967285,9.490615844726562
2026-09-27 05:05:58.544000+00:00,1.3455413579940796,0.1867477297782898,9.289502143859863
2026-09-27 05:05:58.545000+00:00,1.3455413579940796,0.1867477297782898,9.289502143859863
2026-09-27 05:05:58.693000+00:00,1.3455413579940796,0.1867477297782898,9.289502143859863
2026-09-27 05:05:59.559000+00:00,10.24000072479248,-3.8091750144958496,11.595118522644045
2026-09-27 05:05:59.561000+00:00,10.24000072479248,-3.8091750144958496,11.595118522644045
2026-09-27 05:05:59.710000+00:00,10.24000072479248,-3.8091750144958496,11.595118522644045
2026-09-27 05:06:00.578000+00:00,-12.72996997833252,0.7230489253997803,7.163451671600342
2026-09-27 05:06:00.579000+00:00,-12.72996997833252,0.7230489253997803,7.163451671600342
2026-09-27 05:06:00.735000+00:00,-12.72996997833252,0.7230489253997803,7.163451671600342
2026-09-27 05:06:01.594000+00:00,-7.433996200561523,-4.307168960571289,4.642356872558594
2026-09-27 05:06:01.595000+00:00,-7.433996200561523,-4.307168960571289,4.642356872558594
2026-09-27 05:06:01.745000+00:00,-7.433996200561523,-4.307168960571289,4.642356872558594
2026-09-27 05:06:02.610000+00:00,-27.08320999145508,-49.40195846557617,24.61957550048828
2026-09-27 05:06:02.612000+00:00,-27.08320999145508,-49.40195846557617,24.61957550048828
2026-09-27 05:06:02.760000+00:00,-27.08320999145508,-49.40195846557617,24.61957550048828
2026-09-27 05:06:03.628000+00:00,-1.9919757843017576,-17.956512451171875,16.618154525756836
2026-09-27 05:06:03.629000+00:00,-1.9919757843017576,-17.956512451171875,16.618154525756836
2026-09-27 05:06:03.777000+00:00,-1.9919757843017576,-17.956512451171875,16.618154525756836
2026-09-27 05:06:04.637000+00:00,-17.640478134155273,-8.35336971282959,0.1723825186491012
2026-09-27 05:06:04.638000+00:00,-17.640478134155273,-8.35336971282959,0.1723825186491012
2026-09-27 05:06:04.787000+00:00,-17.640478134155273,-8.35336971282959,0.1723825186491012
2026-09-27 05:06:05.645000+00:00,4.774038314819336,-9.651026725769045,8.927978515625
2026-09-27 05:06:05.646000+00:00,4.774038314819336,-9.651026725769045,8.927978515625
2026-09-27 05:06:05.802000+00:00,4.774038314819336,-9.651026725769045,8.927978515625
2026-09-27 05:06:06.660000+00:00,-9.320627212524414,-7.601590633392334,8.018181800842285
2026-09-27 05:06:06.661000+00:00,-9.320627212524414,-7.601590633392334,8.018181800842285
2026-09-27 05:06:06.812000+00:00,-9.320627212524414,-7.601590633392334,8.018181800842285
2026-09-27 05:06:07.677000+00:00,-4.8602294921875,-3.866635799407959,13.30218505859375
2026-09-27 05:06:07.678000+00:00,-4.8602294921875,-3.866635799407959,13.30218505859375
2026-09-27 05:06:07.820000+00:00,-4.8602294921875,-3.866635799407959,13.30218505859375
2026-09-27 05:06:08.687000+00:00,0.5961562395095825,1.173158884048462,9.90241813659668
2026-09-27 05:06:08.688000+00:00,0.5961562395095825,1.173158884048462,9.90241813659668
2026-09-27 05:06:08.835000+00:00,0.5961562395095825,1.173158884048462,9.90241813659668
2026-09-27 05:06:09.701000+00:00,6.493074893951416,-10.828974723815918,10.160991668701172
2026-09-27 05:06:09.702000+00:00,6.493074893951416,-10.828974723815918,10.160991668701172
2026-09-27 05:06:09.852000+00:00,6.493074893951416,-10.828974723815918,10.160991668701172
2026-09-27 05:06:10.718000+00:00,-13.833697319030762,-8.485051155090332,-5.310339450836182
2026-09-27 05:06:10.720000+00:00,-13.833697319030762,-8.485051155090332,-5.310339450836182
2026-09-27 05:06:10.868000+00:00,-13.833697319030762,-8.485051155090332,-5.310339450836182
2026-09-27 05:06:11.728000+00:00,-3.220201253890991,-4.434061527252197,11.772290229797363
2026-09-27 05:06:11.730000+00:00,-3.220201253890991,-4.434061527252197,11.772290229797363
2026-09-27 05:06:11.878000+00:00,-3.220201253890991,-4.434061527252197,11.772290229797363
2026-09-27 05:06:12.744000+00:00,-0.5267243981361389,-6.44279670715332,11.736376762390137
2026-09-27 05:06:12.746000+00:00,-0.5267243981361389,-6.44279670715332,11.736376762390137
2026-09-27 05:06:12.887000+00:00,-0.5267243981361389,-6.44279670715332,11.736376762390137
2026-09-27 05:06:13.747000+00:00,-14.200010299682615,-10.702081680297852,0.1412578970193863
2026-09-27 05:06:13.895000+00:00,-14.200010299682615,-10.702081680297852,0.1412578970193863
2026-09-27 05:06:14.754000+00:00,7.094019412994385,-14.743494033813477,5.477933406829834
2026-09-27 05:06:14.755000+00:00,7.094019412994385,-14.743494033813477,5.477933406829834
2026-09-27 05:06:14.903000+00:00,7.094019412994385,-14.743494033813477,5.477933406829834
2026-09-27 05:06:15.761000+00:00,-20.52549171447754,3.1220390796661377,4.881777286529541
2026-09-27 05:06:15.762000+00:00,-20.52549171447754,3.1220390796661377,4.881777286529541
2026-09-27 05:06:15.912000+00:00,-20.52549171447754,3.1220390796661377,4.881777286529541
2026-09-27 05:06:16.770000+00:00,7.304709434509277,-2.583343744277954,6.955155849456787
2026-09-27 05:06:16.920000+00:00,7.304709434509277,-2.583343744277954,6.955155849456787
2026-09-27 05:06:17.786000+00:00,4.692635536193848,-16.148889541625977,-5.683835029602051
2026-09-27 05:06:17.787000+00:00,4.692635536193848,-16.148889541625977,-5.683835029602051
2026-09-27 05:06:17.929000+00:00,4.692635536193848,-16.148889541625977,-5.683835029602051
2026-09-27 05:06:18.796000+00:00,-8.042123794555664,-2.3487119674682617,-4.455609321594238
2026-09-27 05:06:18.797000+00:00,-8.042123794555664,-2.3487119674682617,-4.455609321594238
2026-09-27 05:06:18.944000+00:00,-8.042123794555664,-2.3487119674682617,-4.455609321594238
2026-09-27 05:06:19.812000+00:00,0.569819986820221,-3.694253206253052,9.038111686706545
2026-09-27 05:06:19.821000+00:00,0.569819986820221,-3.694253206253052,9.038111686706545
2026-09-27 05:06:19.961000+00:00,0.569819986820221,-3.694253206253052,9.038111686706545
2026-09-27 05:06:20.820000+00:00,5.171475887298584,1.417367458343506,10.654197692871094
2026-09-27 05:06:20.821000+00:00,5.171475887298584,1.417367458343506,10.654197692871094
2026-09-27 05:06:20.970000+00:00,5.171475887298584,1.417367458343506,10.654197692871094
2026-09-27 05:06:21.836000+00:00,-11.944672584533691,3.581725835800171,8.973467826843262
2026-09-27 05:06:21.838000+00:00,-11.944672584533691,3.581725835800171,8.973467826843262
2026-09-27 05:06:21.985000+00:00,-11.944672584533691,3.581725835800171,8.973467826843262
2026-09-27 05:06:22.845000+00:00,5.439626216888428,-7.740454196929932,13.026851654052734
2026-09-27 05:06:22.847000+00:00,5.439626216888428,-7.740454196929932,13.026851654052734
2026-09-27 05:06:22.996000+00:00,5.439626216888428,-7.740454196929932,13.026851654052734
2026-09-27 05:06:23.861000+00:00,2.762908697128296,-6.72531270980835,10.771512985229492
2026-09-27 05:06:23.862000+00:00,2.762908697128296,-6.72531270980835,10.771512985229492
2026-09-27 05:06:24.010000+00:00,2.762908697128296,-6.72531270980835,10.771512985229492
2026-09-27 05:06:24.877000+00:00,-10.249577522277832,0.035913024097681,9.86650562286377
2026-09-27 05:06:24.878000+00:00,-10.249577522277832,0.035913024097681,9.86650562286377
2026-09-27 05:06:25.028000+00:00,-10.249577522277832,0.035913024097681,9.86650562286377
2026-09-27 05:06:25.887000+00:00,-2.0446481704711914,-3.375824451446533,15.471331596374512
2026-09-27 05:06:25.889000+00:00,-2.0446481704711914,-3.375824451446533,15.471331596374512
2026-09-27 05:06:26.037000+00:00,-2.0446481704711914,-3.375824451446533,15.471331596374512
2026-09-27 05:06:26.902000+00:00,3.464409828186035,-5.604825973510742,12.464214324951172
2026-09-27 05:06:26.904000+00:00,3.464409828186035,-5.604825973510742,12.464214324951172
2026-09-27 05:06:27.052000+00:00,3.464409828186035,-5.604825973510742,12.464214324951172
2026-09-27 05:06:27.920000+00:00,-11.791443824768066,-0.6703764796257019,6.782773494720459
2026-09-27 05:06:28.065000+00:00,-11.791443824768066,-0.6703764796257019,6.782773494720459
2026-09-27 05:06:28.937000+00:00,-6.327875137329102,-0.6105214357376099,0.9959878921508788
2026-09-27 05:06:28.938000+00:00,-6.327875137329102,-0.6105214357376099,0.9959878921508788
2026-09-27 05:06:29.071000+00:00,-6.327875137329102,-0.6105214357376099,0.9959878921508788
2026-09-27 05:06:29.953000+00:00,-5.736507415771484,6.57926607131958,9.478644371032717
2026-09-27 05:06:29.954000+00:00,-5.736507415771484,6.57926607131958,9.478644371032717
2026-09-27 05:06:30.087000+00:00,-5.736507415771484,6.57926607131958,9.478644371032717
2026-09-27 05:06:30.971000+00:00,3.603273630142212,-9.612719535827637,6.344634532928467
2026-09-27 05:06:30.972000+00:00,3.603273630142212,-9.612719535827637,6.344634532928467
2026-09-27 05:06:31.103000+00:00,3.603273630142212,-9.612719535827637,6.344634532928467
2026-09-27 05:06:31.980000+00:00,-7.062894821166992,3.248931646347046,9.165003776550291
2026-09-27 05:06:31.982000+00:00,-7.062894821166992,3.248931646347046,9.165003776550291
2026-09-27 05:06:32.114000+00:00,-7.062894821166992,3.248931646347046,9.165003776550291
2026-09-27 05:06:32.988000+00:00,-6.196194171905518,-4.529829502105713,12.265495300292969
2026-09-27 05:06:32.990000+00:00,-6.196194171905518,-4.529829502105713,12.265495300292969
2026-09-27 05:06:33.121000+00:00,-6.196194171905518,-4.529829502105713,12.265495300292969
2026-09-27 05:06:33.997000+00:00,-2.391807556152344,-4.067748546600342,10.733205795288086
2026-09-27 05:06:33.998000+00:00,-2.391807556152344,-4.067748546600342,10.733205795288086
2026-09-27 05:06:34.130000+00:00,-2.391807556152344,-4.067748546600342,10.733205795288086
2026-09-27 05:06:35.006000+00:00,-7.618350028991699,9.852140426635742,4.982333660125732
2026-09-27 05:06:35.008000+00:00,-7.618350028991699,9.852140426635742,4.982333660125732
2026-09-27 05:06:35.146000+00:00,-7.618350028991699,9.852140426635742,4.982333660125732
2026-09-27 05:06:36.014000+00:00,0.4788403511047363,-8.506598472595215,13.589488983154297
2026-09-27 05:06:36.016000+00:00,0.4788403511047363,-8.506598472595215,13.589488983154297
2026-09-27 05:06:36.164000+00:00,0.4788403511047363,-8.506598472595215,13.589488983154297
2026-09-27 05:06:37.023000+00:00,-5.628767967224121,2.851494312286377,8.89445972442627
2026-09-27 05:06:37.024000+00:00,-5.628767967224121,2.851494312286377,8.89445972442627
2026-09-27 05:06:37.173000+00:00,-5.628767967224121,2.851494312286377,8.89445972442627
2026-09-27 05:06:38.038000+00:00,-8.118738174438477,-5.856217384338379,10.891223907470703
2026-09-27 05:06:38.040000+00:00,-8.118738174438477,-5.856217384338379,10.891223907470703
2026-09-27 05:06:38.188000+00:00,-8.118738174438477,-5.856217384338379,10.891223907470703
2026-09-27 05:06:39.048000+00:00,-3.3901896476745605,-5.719748020172119,10.6925048828125
2026-09-27 05:06:39.049000+00:00,-3.3901896476745605,-5.719748020172119,10.6925048828125
2026-09-27 05:06:39.198000+00:00,-3.3901896476745605,-5.719748020172119,10.6925048828125
2026-09-27 05:06:40.057000+00:00,-12.583924293518066,7.0341644287109375,5.805939197540283
2026-09-27 05:06:40.206000+00:00,-12.583924293518066,7.0341644287109375,5.805939197540283
2026-09-27 05:06:41.064000+00:00,-3.40216064453125,-2.956839084625244,10.919954299926758
2026-09-27 05:06:41.066000+00:00,-3.40216064453125,-2.956839084625244,10.919954299926758
2026-09-27 05:06:41.215000+00:00,-3.40216064453125,-2.956839084625244,10.919954299926758
2026-09-27 05:06:42.081000+00:00,-0.9888052940368652,1.3862427473068235,8.789113998413086
2026-09-27 05:06:42.082000+00:00,-0.9888052940368652,1.3862427473068235,8.789113998413086
2026-09-27 05:06:42.223000+00:00,-0.9888052940368652,1.3862427473068235,8.789113998413086
2026-09-27 05:06:43.082000+00:00,-8.130708694458008,-6.7923502922058105,7.603984832763672
2026-09-27 05:06:43.232000+00:00,-8.130708694458008,-6.7923502922058105,7.603984832763672
2026-09-27 05:06:44.091000+00:00,-7.592013359069824,3.907337188720703,8.403648376464844
2026-09-27 05:06:44.092000+00:00,-7.592013359069824,3.907337188720703,8.403648376464844
2026-09-27 05:06:44.240000+00:00,-7.592013359069824,3.907337188720703,8.403648376464844
2026-09-27 05:06:45.090000+00:00,-3.16513466835022,-8.506598472595215,11.635820388793944
2026-09-27 05:06:45.091000+00:00,-3.16513466835022,-8.506598472595215,11.635820388793944
2026-09-27 05:06:45.241000+00:00,-3.16513466835022,-8.506598472595215,11.635820388793944
2026-09-27 05:06:46.101000+00:00,-5.298368453979492,8.966285705566406,8.983044624328613
2026-09-27 05:06:46.249000+00:00,-5.298368453979492,8.966285705566406,8.983044624328613
2026-09-27 05:06:47.108000+00:00,-4.795586109161377,-3.663128614425659,11.008539199829102
2026-09-27 05:06:47.258000+00:00,-4.795586109161377,-3.663128614425659,11.008539199829102
2026-09-27 05:06:48.117000+00:00,-4.910507678985596,3.3494882583618164,8.729259490966797
2026-09-27 05:06:48.118000+00:00,-4.910507678985596,3.3494882583618164,8.729259490966797
2026-09-27 05:06:48.266000+00:00,-4.910507678985596,3.3494882583618164,8.729259490966797
2026-09-27 05:06:49.125000+00:00,-9.004592895507812,3.952826976776123,5.303156852722168
2026-09-27 05:06:49.126000+00:00,-9.004592895507812,3.952826976776123,5.303156852722168
2026-09-27 05:06:49.275000+00:00,-9.004592895507812,3.952826976776123,5.303156852722168
2026-09-27 05:06:50.134000+00:00,-5.102043628692627,-2.0877439975738525,10.15141487121582
2026-09-27 05:06:50.136000+00:00,-5.102043628692627,-2.0877439975738525,10.15141487121582
2026-09-27 05:06:50.284000+00:00,-5.102043628692627,-2.0877439975738525,10.15141487121582
2026-09-27 05:06:51.141000+00:00,-15.935806274414062,16.697162628173828,-2.4803929328918457
2026-09-27 05:06:51.143000+00:00,-15.935806274414062,16.697162628173828,-2.4803929328918457
2026-09-27 05:06:51.292000+00:00,-15.935806274414062,16.697162628173828,-2.4803929328918457
2026-09-27 05:06:52.157000+00:00,2.152387380599976,1.53707754611969,6.189011573791504
2026-09-27 05:06:52.159000+00:00,2.152387380599976,1.53707754611969,6.189011573791504
2026-09-27 05:06:52.308000+00:00,2.152387380599976,1.53707754611969,6.189011573791504
2026-09-27 05:06:53.175000+00:00,-7.917624950408935,-2.9688100814819336,7.388506412506103
2026-09-27 05:06:53.176000+00:00,-7.917624950408935,-2.9688100814819336,7.388506412506103
2026-09-27 05:06:53.324000+00:00,-7.917624950408935,-2.9688100814819336,7.388506412506103
2026-09-27 05:06:54.184000+00:00,-4.209006786346436,0.2896983921527862,10.302249908447266
2026-09-27 05:06:54.185000+00:00,-4.209006786346436,0.2896983921527862,10.302249908447266
2026-09-27 05:06:54.333000+00:00,-4.209006786346436,0.2896983921527862,10.302249908447266
2026-09-27 05:06:55.200000+00:00,-4.702212333679199,6.943184852600098,7.287950038909912
2026-09-27 05:06:55.202000+00:00,-4.702212333679199,6.943184852600098,7.287950038909912
2026-09-27 05:06:55.350000+00:00,-4.702212333679199,6.943184852600098,7.287950038909912
2026-09-27 05:06:56.209000+00:00,-6.2632317543029785,-3.325546264648437,11.216835021972656
2026-09-27 05:06:56.211000+00:00,-6.2632317543029785,-3.325546264648437,11.216835021972656
2026-09-27 05:06:56.359000+00:00,-6.2632317543029785,-3.325546264648437,11.216835021972656
2026-09-27 05:06:57.219000+00:00,-1.2234370708465576,-3.7158010005950928,9.138668060302734
2026-09-27 05:06:57.220000+00:00,-1.2234370708465576,-3.7158010005950928,9.138668060302734
2026-09-27 05:06:57.368000+00:00,-1.2234370708465576,-3.7158010005950928,9.138668060302734
2026-09-27 05:06:58.233000+00:00,-7.63989782333374,10.342951774597168,8.312667846679688
2026-09-27 05:06:58.234000+00:00,-7.63989782333374,10.342951774597168,8.312667846679688
2026-09-27 05:06:58.384000+00:00,-7.63989782333374,10.342951774597168,8.312667846679688
2026-09-27 05:06:59.243000+00:00,0.9911994934082032,-3.7158010005950928,12.600683212280272
2026-09-27 05:06:59.244000+00:00,0.9911994934082032,-3.7158010005950928,12.600683212280272
2026-09-27 05:06:59.393000+00:00,0.9911994934082032,-3.7158010005950928,12.600683212280272
2026-09-27 05:07:15.339000+00:00,-0.9864110946655272,5.853823184967041,7.869740962982178
2026-09-27 05:07:15.348000+00:00,-0.9864110946655272,5.853823184967041,7.869740962982178
2026-09-27 05:07:15.353000+00:00,-0.9864110946655272,5.853823184967041,7.869740962982178
2026-09-27 05:07:16.360000+00:00,-0.90979665517807,5.767632007598877,7.996633529663086
2026-09-27 05:07:16.371000+00:00,-0.90979665517807,5.767632007598877,7.996633529663086
2026-09-27 05:07:16.375000+00:00,-0.90979665517807,5.767632007598877,7.996633529663086
2026-09-27 05:07:17.369000+00:00,1.9967641830444336,2.48757553100586,8.377311706542969
2026-09-27 05:07:17.370000+00:00,1.9967641830444336,2.48757553100586,8.377311706542969
2026-09-27 05:07:17.371000+00:00,1.9967641830444336,2.48757553100586,8.377311706542969
2026-09-27 05:07:18.386000+00:00,0.1628057211637497,2.889801502227783,9.617507934570312
2026-09-27 05:07:18.387000+00:00,0.1628057211637497,2.889801502227783,9.617507934570312
2026-09-27 05:07:19.402000+00:00,-4.505887508392334,3.734954595565796,10.17296314239502
2026-09-27 05:07:19.403000+00:00,-4.505887508392334,3.734954595565796,10.17296314239502
2026-09-27 05:07:19.404000+00:00,-4.505887508392334,3.734954595565796,10.17296314239502
2026-09-27 05:07:20.418000+00:00,-4.323928356170654,1.7405846118927002,10.793061256408691
2026-09-27 05:07:20.419000+00:00,-4.323928356170654,1.7405846118927002,10.793061256408691
2026-09-27 05:07:20.420000+00:00,-4.323928356170654,1.7405846118927002,10.793061256408691
2026-09-27 05:07:21.434000+00:00,2.341529369354248,3.4524388313293457,9.550470352172852
2026-09-27 05:07:21.436000+00:00,2.341529369354248,3.4524388313293457,9.550470352172852
2026-09-27 05:07:22.451000+00:00,-1.647210717201233,0.6177040338516235,9.66539192199707
2026-09-27 05:07:22.453000+00:00,-1.647210717201233,0.6177040338516235,9.66539192199707
2026-09-27 05:07:23.469000+00:00,-0.6919242739677429,1.5873557329177856,10.005369186401367
2026-09-27 05:07:23.470000+00:00,-0.6919242739677429,1.5873557329177856,10.005369186401367
2026-09-27 05:07:23.471000+00:00,-0.6919242739677429,1.5873557329177856,10.005369186401367
2026-09-27 05:07:24.485000+00:00,-1.1779472827911377,3.663128614425659,8.825027465820312
2026-09-27 05:07:24.486000+00:00,-1.1779472827911377,3.663128614425659,8.825027465820312
2026-09-27 05:07:24.487000+00:00,-1.1779472827911377,3.663128614425659,8.825027465820312
2026-09-27 05:07:25.504000+00:00,-0.3495534360408783,2.832340717315674,9.50498104095459
2026-09-27 05:07:25.506000+00:00,-0.3495534360408783,2.832340717315674,9.50498104095459
2026-09-27 05:07:25.507000+00:00,-0.3495534360408783,2.832340717315674,9.50498104095459
2026-09-27 05:07:26.518000+00:00,-0.7134721279144287,2.829946517944336,9.26795482635498
2026-09-27 05:07:26.519000+00:00,-0.7134721279144287,2.829946517944336,9.26795482635498
2026-09-27 05:07:26.521000+00:00,-0.7134721279144287,2.829946517944336,9.26795482635498
2026-09-27 05:07:27.536000+00:00,2.1978771686553955,-0.3878606855869293,11.705251693725586
2026-09-27 05:07:27.537000+00:00,2.1978771686553955,-0.3878606855869293,11.705251693725586
2026-09-27 05:07:28.552000+00:00,-3.6176388263702393,1.0079588890075684,10.721235275268556
2026-09-27 05:07:28.553000+00:00,-3.6176388263702393,1.0079588890075684,10.721235275268556
2026-09-27 05:07:28.554000+00:00,-3.6176388263702393,1.0079588890075684,10.721235275268556
2026-09-27 05:07:29.569000+00:00,-1.1109095811843872,5.935225963592529,5.0876784324646
2026-09-27 05:07:29.570000+00:00,-1.1109095811843872,5.935225963592529,5.0876784324646
2026-09-27 05:07:29.571000+00:00,-1.1109095811843872,5.935225963592529,5.0876784324646
2026-09-27 05:07:30.584000+00:00,5.626373767852783,4.438849925994873,8.018181800842285
2026-09-27 05:07:30.585000+00:00,5.626373767852783,4.438849925994873,8.018181800842285
2026-09-27 05:07:30.587000+00:00,5.626373767852783,4.438849925994873,8.018181800842285
2026-09-27 05:07:31.601000+00:00,-2.64559292793274,-3.904942989349365,7.386112213134766
2026-09-27 05:07:31.602000+00:00,-2.64559292793274,-3.904942989349365,7.386112213134766
2026-09-27 05:07:31.603000+00:00,-2.64559292793274,-3.904942989349365,7.386112213134766
2026-09-27 05:07:32.618000+00:00,-2.834734916687012,-2.7509377002716064,10.223240852355955
2026-09-27 05:07:32.619000+00:00,-2.834734916687012,-2.7509377002716064,10.223240852355955
2026-09-27 05:07:32.629000+00:00,-2.834734916687012,-2.7509377002716064,10.223240852355955
2026-09-27 05:07:33.633000+00:00,7.204153060913086,-0.5219359993934631,8.918401718139648
2026-09-27 05:07:33.635000+00:00,7.204153060913086,-0.5219359993934631,8.918401718139648
2026-09-27 05:07:33.636000+00:00,7.204153060913086,-0.5219359993934631,8.918401718139648
2026-09-27 05:07:34.651000+00:00,1.2042834758758545,-2.6599581241607666,9.84256362915039
2026-09-27 05:07:34.653000+00:00,1.2042834758758545,-2.6599581241607666,9.84256362915039
2026-09-27 05:07:34.654000+00:00,1.2042834758758545,-2.6599581241607666,9.84256362915039
2026-09-27 05:07:35.668000+00:00,-0.7589619159698486,-1.4891934394836426,10.517727851867676
2026-09-27 05:07:35.670000+00:00,-0.7589619159698486,-1.4891934394836426,10.517727851867676
2026-09-27 05:07:35.671000+00:00,-0.7589619159698486,-1.4891934394836426,10.517727851867676
2026-09-27 05:07:36.684000+00:00,4.857835292816162,-1.173158884048462,8.87291145324707
2026-09-27 05:07:36.685000+00:00,4.857835292816162,-1.173158884048462,8.87291145324707
2026-09-27 05:07:36.687000+00:00,4.857835292816162,-1.173158884048462,8.87291145324707
2026-09-27 05:07:37.700000+00:00,-3.023876667022705,-3.0382418632507324,8.123526573181152
2026-09-27 05:07:37.702000+00:00,-3.023876667022705,-3.0382418632507324,8.123526573181152
2026-09-27 05:07:37.704000+00:00,-3.023876667022705,-3.0382418632507324,8.123526573181152
2026-09-27 05:07:38.716000+00:00,-1.4939818382263184,-3.155557870864868,9.758766174316406
2026-09-27 05:07:38.717000+00:00,-1.4939818382263184,-3.155557870864868,9.758766174316406
2026-09-27 05:07:38.718000+00:00,-1.4939818382263184,-3.155557870864868,9.758766174316406
2026-09-27 05:07:39.735000+00:00,0.0885854661464691,-0.8044517636299133,10.824186325073242
2026-09-27 05:07:39.736000+00:00,0.0885854661464691,-0.8044517636299133,10.824186325073242
2026-09-27 05:07:39.737000+00:00,0.0885854661464691,-0.8044517636299133,10.824186325073242
2026-09-27 05:07:40.750000+00:00,-0.6919242739677429,-2.9903578758239746,9.509769439697266
2026-09-27 05:07:40.751000+00:00,-0.6919242739677429,-2.9903578758239746,9.509769439697266
2026-09-27 05:07:40.752000+00:00,-0.6919242739677429,-2.9903578758239746,9.509769439697266
2026-09-27 05:07:41.768000+00:00,-2.161964178085327,-1.5897499322891235,10.141838073730469
2026-09-27 05:07:41.769000+00:00,-2.161964178085327,-1.5897499322891235,10.141838073730469
2026-09-27 05:07:41.770000+00:00,-2.161964178085327,-1.5897499322891235,10.141838073730469
2026-09-27 05:07:42.783000+00:00,-2.7700912952423096,-1.6112977266311646,9.394847869873049
2026-09-27 05:07:42.784000+00:00,-2.7700912952423096,-1.6112977266311646,9.394847869873049
2026-09-27 05:07:42.785000+00:00,-2.7700912952423096,-1.6112977266311646,9.394847869873049
2026-09-27 05:07:43.800000+00:00,-3.3470940589904785,-0.5123591423034668,9.490615844726562
2026-09-27 05:07:43.801000+00:00,-3.3470940589904785,-0.5123591423034668,9.490615844726562
2026-09-27 05:07:43.802000+00:00,-3.3470940589904785,-0.5123591423034668,9.490615844726562
2026-09-27 05:07:44.816000+00:00,-0.9217676520347596,2.3942017555236816,9.215282440185549
2026-09-27 05:07:44.817000+00:00,-0.9217676520347596,2.3942017555236816,9.215282440185549
2026-09-27 05:07:44.818000+00:00,-0.9217676520347596,2.3942017555236816,9.215282440185549
2026-09-27 05:07:45.833000+00:00,-2.64559292793274,-1.0055646896362305,9.5408935546875
2026-09-27 05:07:45.834000+00:00,-2.64559292793274,-1.0055646896362305,9.5408935546875
2026-09-27 05:07:45.835000+00:00,-2.64559292793274,-1.0055646896362305,9.5408935546875
2026-09-27 05:07:46.849000+00:00,-1.0773907899856567,-0.7398083209991455,8.044517517089844
2026-09-27 05:07:46.850000+00:00,-1.0773907899856567,-0.7398083209991455,8.044517517089844
2026-09-27 05:07:46.851000+00:00,-1.0773907899856567,-0.7398083209991455,8.044517517089844
2026-09-27 05:07:47.867000+00:00,-1.845929503440857,1.6639702320098877,8.731653213500977
2026-09-27 05:07:47.868000+00:00,-1.845929503440857,1.6639702320098877,8.731653213500977
2026-09-27 05:07:48.883000+00:00,-0.1699883192777633,0.0143652101978659,9.442731857299805
2026-09-27 05:07:48.884000+00:00,-0.1699883192777633,0.0143652101978659,9.442731857299805
2026-09-27 05:07:49.900000+00:00,-0.6105214357376099,0.2059013396501541,9.536105155944824
2026-09-27 05:07:49.901000+00:00,-0.6105214357376099,0.2059013396501541,9.536105155944824
2026-09-27 05:07:49.902000+00:00,-0.6105214357376099,0.2059013396501541,9.536105155944824
2026-09-27 05:07:50.916000+00:00,0.1843535304069519,0.5482721924781799,10.091560363769531
2026-09-27 05:07:50.917000+00:00,0.1843535304069519,0.5482721924781799,10.091560363769531
2026-09-27 05:07:51.932000+00:00,1.429338455200195,-0.7709329724311829,9.976638793945312
2026-09-27 05:07:51.933000+00:00,1.429338455200195,-0.7709329724311829,9.976638793945312
2026-09-27 05:07:51.934000+00:00,1.429338455200195,-0.7709329724311829,9.976638793945312
2026-09-27 05:07:52.949000+00:00,-2.322375535964966,3.1004912853240967,8.935160636901855
2026-09-27 05:07:52.950000+00:00,-2.322375535964966,3.1004912853240967,8.935160636901855
2026-09-27 05:07:52.951000+00:00,-2.322375535964966,3.1004912853240967,8.935160636901855
2026-09-27 05:07:53.966000+00:00,-1.766920804977417,4.206612586975098,8.786720275878906
2026-09-27 05:07:53.967000+00:00,-1.766920804977417,4.206612586975098,8.786720275878906
2026-09-27 05:07:53.968000+00:00,-1.766920804977417,4.206612586975098,8.786720275878906
2026-09-27 05:07:54.983000+00:00,-0.2896983921527862,-0.6200982332229614,9.734824180603027
2026-09-27 05:07:54.984000+00:00,-0.2896983921527862,-0.6200982332229614,9.734824180603027
2026-09-27 05:07:54.985000+00:00,-0.2896983921527862,-0.6200982332229614,9.734824180603027
2026-09-27 05:07:55.999000+00:00,0.395043283700943,0.1077390760183334,10.433931350708008
2026-09-27 05:07:56+00:00,0.395043283700943,0.1077390760183334,10.433931350708008
2026-09-27 05:07:56.001000+00:00,0.395043283700943,0.1077390760183334,10.433931350708008
2026-09-27 05:07:57.015000+00:00,1.778891921043396,0.9911994934082032,10.38604736328125
2026-09-27 05:07:57.016000+00:00,1.778891921043396,0.9911994934082032,10.38604736328125
2026-09-27 05:07:57.017000+00:00,1.778891921043396,0.9911994934082032,10.38604736328125
2026-09-27 05:07:58.031000+00:00,3.5218706130981445,-2.537853717803955,8.793902397155762
2026-09-27 05:07:58.033000+00:00,3.5218706130981445,-2.537853717803955,8.793902397155762
2026-09-27 05:07:58.035000+00:00,3.5218706130981445,-2.537853717803955,8.793902397155762
2026-09-27 05:07:59.048000+00:00,3.770867586135864,-3.581725835800171,8.453926086425781
2026-09-27 05:07:59.050000+00:00,3.770867586135864,-3.581725835800171,8.453926086425781
2026-09-27 05:07:59.052000+00:00,3.770867586135864,-3.581725835800171,8.453926086425781
2026-09-27 05:08:00.065000+00:00,3.93367338180542,-2.607285737991333,10.92953109741211
2026-09-27 05:08:00.067000+00:00,3.93367338180542,-2.607285737991333,10.92953109741211
2026-09-27 05:08:01.081000+00:00,-2.2433669567108154,-1.7501614093780518,7.642292022705078
2026-09-27 05:08:01.082000+00:00,-2.2433669567108154,-1.7501614093780518,7.642292022705078
2026-09-27 05:08:01.084000+00:00,-2.2433669567108154,-1.7501614093780518,7.642292022705078
2026-09-27 05:08:02.098000+00:00,-7.599195957183838,-0.2753331959247589,9.062053680419922
2026-09-27 05:08:02.099000+00:00,-7.599195957183838,-0.2753331959247589,9.062053680419922
2026-09-27 05:08:02.100000+00:00,-7.599195957183838,-0.2753331959247589,9.062053680419922
2026-09-27 05:08:03.115000+00:00,1.4676456451416016,-2.63362193107605,9.289502143859863
2026-09-27 05:08:03.116000+00:00,1.4676456451416016,-2.63362193107605,9.289502143859863
2026-09-27 05:08:03.117000+00:00,1.4676456451416016,-2.63362193107605,9.289502143859863
2026-09-27 05:08:04.132000+00:00,0.7996633648872375,-1.821987509727478,8.949525833129883
2026-09-27 05:08:04.141000+00:00,0.7996633648872375,-1.821987509727478,8.949525833129883
2026-09-27 05:08:04.142000+00:00,0.7996633648872375,-1.821987509727478,8.949525833129883
2026-09-27 05:08:05.147000+00:00,1.256955862045288,-3.406949043273926,8.111555099487305
2026-09-27 05:08:05.148000+00:00,1.256955862045288,-3.406949043273926,8.111555099487305
2026-09-27 05:08:05.149000+00:00,1.256955862045288,-3.406949043273926,8.111555099487305
2026-09-27 05:08:06.164000+00:00,1.1037269830703735,-2.4229321479797363,10.735600471496582
2026-09-27 05:08:06.166000+00:00,1.1037269830703735,-2.4229321479797363,10.735600471496582
2026-09-27 05:08:06.167000+00:00,1.1037269830703735,-2.4229321479797363,10.735600471496582
2026-09-27 05:08:07.181000+00:00,-2.5043349266052246,0.3303998410701751,9.366117477416992
2026-09-27 05:08:07.182000+00:00,-2.5043349266052246,0.3303998410701751,9.366117477416992
2026-09-27 05:08:08.198000+00:00,-1.9823989868164065,1.2545616626739502,8.310274124145508
2026-09-27 05:08:08.199000+00:00,-1.9823989868164065,1.2545616626739502,8.310274124145508
2026-09-27 05:08:08.200000+00:00,-1.9823989868164065,1.2545616626739502,8.310274124145508
2026-09-27 05:08:09.213000+00:00,-3.8283286094665527,-0.237025961279869,10.433931350708008
2026-09-27 05:08:09.214000+00:00,-3.8283286094665527,-0.237025961279869,10.433931350708008
2026-09-27 05:08:09.216000+00:00,-3.8283286094665527,-0.237025961279869,10.433931350708008
2026-09-27 05:08:10.231000+00:00,-0.6727706789970398,-1.9823989868164065,10.17296314239502
2026-09-27 05:08:10.232000+00:00,-0.6727706789970398,-1.9823989868164065,10.17296314239502
2026-09-27 05:08:10.233000+00:00,-0.6727706789970398,-1.9823989868164065,10.17296314239502
2026-09-27 05:08:11.248000+00:00,1.9273324012756348,-0.6248866319656372,9.526528358459473
2026-09-27 05:08:11.249000+00:00,1.9273324012756348,-0.6248866319656372,9.526528358459473
2026-09-27 05:08:11.250000+00:00,1.9273324012756348,-0.6248866319656372,9.526528358459473
2026-09-27 05:08:12.264000+00:00,-0.1125274822115898,1.8148049116134644,9.730035781860352
2026-09-27 05:08:12.266000+00:00,-0.1125274822115898,1.8148049116134644,9.730035781860352
2026-09-27 05:08:12.267000+00:00,-0.1125274822115898,1.8148049116134644,9.730035781860352
2026-09-27 05:08:13.279000+00:00,-2.286462545394897,2.0685901641845703,10.211270332336426
2026-09-27 05:08:13.280000+00:00,-2.286462545394897,2.0685901641845703,10.211270332336426
2026-09-27 05:08:13.282000+00:00,-2.286462545394897,2.0685901641845703,10.211270332336426
2026-09-27 05:08:14.297000+00:00,-0.5913678407669067,-0.3495534360408783,9.430760383605955
2026-09-27 05:08:14.298000+00:00,-0.5913678407669067,-0.3495534360408783,9.430760383605955
2026-09-27 05:08:15.313000+00:00,-1.4460978507995603,0.3734954595565796,8.920795440673828
2026-09-27 05:08:15.314000+00:00,-1.4460978507995603,0.3734954595565796,8.920795440673828
2026-09-27 05:08:15.315000+00:00,-1.4460978507995603,0.3734954595565796,8.920795440673828
2026-09-27 05:08:16.329000+00:00,-3.4524388313293457,-0.3399766385555267,10.216058731079102
2026-09-27 05:08:16.330000+00:00,-3.4524388313293457,-0.3399766385555267,10.216058731079102
2026-09-27 05:08:16.331000+00:00,-3.4524388313293457,-0.3399766385555267,10.216058731079102
2026-09-27 05:08:17.346000+00:00,-0.4932055473327636,-1.4437036514282229,8.729259490966797
2026-09-27 05:08:17.347000+00:00,-0.4932055473327636,-1.4437036514282229,8.729259490966797
2026-09-27 05:08:17.349000+00:00,-0.4932055473327636,-1.4437036514282229,8.729259490966797
2026-09-27 05:08:18.362000+00:00,0.5027823448181152,-2.7461493015289307,9.983820915222168
2026-09-27 05:08:18.363000+00:00,0.5027823448181152,-2.7461493015289307,9.983820915222168
2026-09-27 05:08:18.364000+00:00,0.5027823448181152,-2.7461493015289307,9.983820915222168
2026-09-27 05:08:19.379000+00:00,-2.3032219409942627,-0.5937620401382446,8.813055992126465
2026-09-27 05:08:19.380000+00:00,-2.3032219409942627,-0.5937620401382446,8.813055992126465
2026-09-27 05:08:19.381000+00:00,-2.3032219409942627,-0.5937620401382446,8.813055992126465
2026-09-27 05:08:20.396000+00:00,-2.844311714172364,-0.6200982332229614,8.89685344696045
2026-09-27 05:08:20.398000+00:00,-2.844311714172364,-0.6200982332229614,8.89685344696045
2026-09-27 05:08:21.412000+00:00,-0.1484405100345611,-2.5546131134033203,9.883264541625977
2026-09-27 05:08:21.413000+00:00,-0.1484405100345611,-2.5546131134033203,9.883264541625977
2026-09-27 05:08:21.415000+00:00,-0.1484405100345611,-2.5546131134033203,9.883264541625977
2026-09-27 05:08:22.429000+00:00,-2.966415882110596,-0.0119710080325603,9.275136947631836
2026-09-27 05:08:22.430000+00:00,-2.966415882110596,-0.0119710080325603,9.275136947631836
2026-09-27 05:08:22.431000+00:00,-2.966415882110596,-0.0119710080325603,9.275136947631836
2026-09-27 05:08:23.450000+00:00,-4.010287761688232,-0.0191536135971546,10.007762908935549
2026-09-27 05:08:23.451000+00:00,-4.010287761688232,-0.0191536135971546,10.007762908935549
2026-09-27 05:08:24.462000+00:00,1.0654197931289673,-2.4157495498657227,9.60553741455078
2026-09-27 05:08:24.464000+00:00,1.0654197931289673,-2.4157495498657227,9.60553741455078
2026-09-27 05:08:24.466000+00:00,1.0654197931289673,-2.4157495498657227,9.60553741455078
2026-09-27 05:08:25.478000+00:00,-4.079719543457031,-0.4213795065879822,9.301473617553713
2026-09-27 05:08:25.479000+00:00,-4.079719543457031,-0.4213795065879822,9.301473617553713
2026-09-27 05:08:25.480000+00:00,-4.079719543457031,-0.4213795065879822,9.301473617553713
2026-09-27 05:08:26.496000+00:00,0.1316810995340347,-0.5147533416748047,9.859322547912598
2026-09-27 05:08:26.498000+00:00,0.1316810995340347,-0.5147533416748047,9.859322547912598
2026-09-27 05:08:26.499000+00:00,0.1316810995340347,-0.5147533416748047,9.859322547912598
2026-09-27 05:08:27.511000+00:00,-0.3663128614425659,-2.626439332962036,9.311050415039062
2026-09-27 05:08:27.512000+00:00,-0.3663128614425659,-2.626439332962036,9.311050415039062
2026-09-27 05:08:27.513000+00:00,-0.3663128614425659,-2.626439332962036,9.311050415039062
2026-09-27 05:08:28.528000+00:00,0.5051765441894531,-3.457227230072021,9.3828763961792
2026-09-27 05:08:28.529000+00:00,0.5051765441894531,-3.457227230072021,9.3828763961792
2026-09-27 05:08:29.544000+00:00,-1.8770540952682493,-2.3343467712402344,9.557653427124023
2026-09-27 05:08:29.545000+00:00,-1.8770540952682493,-2.3343467712402344,9.557653427124023
2026-09-27 05:08:29.546000+00:00,-1.8770540952682493,-2.3343467712402344,9.557653427124023
2026-09-27 05:08:30.562000+00:00,-2.0638017654418945,-1.81959331035614,10.129867553710938
2026-09-27 05:08:30.563000+00:00,-2.0638017654418945,-1.81959331035614,10.129867553710938
2026-09-27 05:08:30.564000+00:00,-2.0638017654418945,-1.81959331035614,10.129867553710938
2026-09-27 05:08:31.577000+00:00,-3.971980571746826,-1.577778935432434,9.229647636413574
2026-09-27 05:08:31.578000+00:00,-3.971980571746826,-1.577778935432434,9.229647636413574
2026-09-27 05:08:32.595000+00:00,3.0310592651367188,-5.456385612487793,11.556811332702637
2026-09-27 05:08:32.597000+00:00,3.0310592651367188,-5.456385612487793,11.556811332702637
2026-09-27 05:08:33.611000+00:00,0.1173158809542656,-2.808398485183716,8.719682693481445
2026-09-27 05:08:33.612000+00:00,0.1173158809542656,-2.808398485183716,8.719682693481445
2026-09-27 05:08:33.613000+00:00,0.1173158809542656,-2.808398485183716,8.719682693481445
2026-09-27 05:08:34.628000+00:00,-2.96162748336792,-0.9481038451194764,10.108319282531738
2026-09-27 05:08:34.629000+00:00,-2.96162748336792,-0.9481038451194764,10.108319282531738
2026-09-27 05:08:34.630000+00:00,-2.96162748336792,-0.9481038451194764,10.108319282531738
2026-09-27 05:08:35.644000+00:00,-0.5722141861915588,-3.0885202884674072,8.774748802185059
2026-09-27 05:08:35.645000+00:00,-0.5722141861915588,-3.0885202884674072,8.774748802185059
2026-09-27 05:08:35.646000+00:00,-0.5722141861915588,-3.0885202884674072,8.774748802185059
2026-09-27 05:08:36.661000+00:00,0.9217676520347596,-1.6927006244659424,10.21845245361328
2026-09-27 05:08:36.663000+00:00,0.9217676520347596,-1.6927006244659424,10.21845245361328
2026-09-27 05:08:36.664000+00:00,0.9217676520347596,-1.6927006244659424,10.21845245361328
2026-09-27 05:08:37.677000+00:00,2.341529369354248,-1.0534487962722778,9.284713745117188
2026-09-27 05:08:37.678000+00:00,2.341529369354248,-1.0534487962722778,9.284713745117188
2026-09-27 05:08:37.680000+00:00,2.341529369354248,-1.0534487962722778,9.284713745117188
2026-09-27 05:08:38.694000+00:00,-1.316810965538025,0.1053448766469955,9.981427192687988
2026-09-27 05:08:38.695000+00:00,-1.316810965538025,0.1053448766469955,9.981427192687988
2026-09-27 05:08:38.696000+00:00,-1.316810965538025,0.1053448766469955,9.981427192687988
2026-09-27 05:08:39.710000+00:00,-3.5482068061828613,-1.256955862045288,8.214506149291992
2026-09-27 05:08:39.711000+00:00,-3.5482068061828613,-1.256955862045288,8.214506149291992
2026-09-27 05:08:40.727000+00:00,1.5849615335464478,-4.4292731285095215,10.654197692871094
2026-09-27 05:08:40.729000+00:00,1.5849615335464478,-4.4292731285095215,10.654197692871094
2026-09-27 05:08:40.730000+00:00,1.5849615335464478,-4.4292731285095215,10.654197692871094
2026-09-27 05:08:41.743000+00:00,-5.57370138168335,1.036689281463623,8.552088737487793
2026-09-27 05:08:41.744000+00:00,-5.57370138168335,1.036689281463623,8.552088737487793
2026-09-27 05:08:41.746000+00:00,-5.57370138168335,1.036689281463623,8.552088737487793
2026-09-27 05:08:42.760000+00:00,-2.647987127304077,-0.42377370595932,9.114726066589355
2026-09-27 05:08:42.761000+00:00,-2.647987127304077,-0.42377370595932,9.114726066589355
2026-09-27 05:08:43.776000+00:00,-0.5506663918495178,-1.6352397203445437,8.47547435760498
2026-09-27 05:08:43.777000+00:00,-0.5506663918495178,-1.6352397203445437,8.47547435760498
2026-09-27 05:08:43.778000+00:00,-0.5506663918495178,-1.6352397203445437,8.47547435760498
2026-09-27 05:08:44.792000+00:00,0.1173158809542656,-3.399766445159912,10.08437728881836
2026-09-27 05:08:44.794000+00:00,0.1173158809542656,-3.399766445159912,10.08437728881836
2026-09-27 05:08:44.795000+00:00,0.1173158809542656,-3.399766445159912,10.08437728881836
2026-09-27 05:08:45.809000+00:00,-0.7733271718025208,-3.2154128551483154,11.765107154846191
2026-09-27 05:08:45.815000+00:00,-0.7733271718025208,-3.2154128551483154,11.765107154846191
2026-09-27 05:08:45.817000+00:00,-0.7733271718025208,-3.2154128551483154,11.765107154846191
2026-09-27 05:08:46.826000+00:00,-2.0829553604125977,-0.5722141861915588,8.801085472106934
2026-09-27 05:08:46.827000+00:00,-2.0829553604125977,-0.5722141861915588,8.801085472106934
2026-09-27 05:08:47.843000+00:00,-2.765302896499634,-0.3974374830722809,10.007762908935549
2026-09-27 05:08:47.844000+00:00,-2.765302896499634,-0.3974374830722809,10.007762908935549
2026-09-27 05:08:47.845000+00:00,-2.765302896499634,-0.3974374830722809,10.007762908935549
2026-09-27 05:08:48.859000+00:00,-5.0685248374938965,-3.260902643203736,8.638279914855957
2026-09-27 05:08:48.861000+00:00,-5.0685248374938965,-3.260902643203736,8.638279914855957
2026-09-27 05:08:48.862000+00:00,-5.0685248374938965,-3.260902643203736,8.638279914855957
2026-09-27 05:08:49.875000+00:00,-1.0558429956436155,-4.67827033996582,9.24640655517578
2026-09-27 05:08:49.876000+00:00,-1.0558429956436155,-4.67827033996582,9.24640655517578
2026-09-27 05:08:49.878000+00:00,-1.0558429956436155,-4.67827033996582,9.24640655517578
2026-09-27 05:08:50.893000+00:00,-1.161187767982483,-5.509057998657227,8.178592681884766
2026-09-27 05:08:50.894000+00:00,-1.161187767982483,-5.509057998657227,8.178592681884766
2026-09-27 05:08:50.895000+00:00,-1.161187767982483,-5.509057998657227,8.178592681884766
2026-09-27 05:08:51.908000+00:00,-3.19865345954895,-2.9472622871398926,8.35336971282959
2026-09-27 05:08:51.909000+00:00,-3.19865345954895,-2.9472622871398926,8.35336971282959
2026-09-27 05:08:51.910000+00:00,-3.19865345954895,-2.9472622871398926,8.35336971282959
2026-09-27 05:08:52.925000+00:00,-0.2801215946674347,-2.408566951751709,10.010157585144045
2026-09-27 05:08:52.927000+00:00,-0.2801215946674347,-2.408566951751709,10.010157585144045
2026-09-27 05:08:52.928000+00:00,-0.2801215946674347,-2.408566951751709,10.010157585144045
2026-09-27 05:08:53.942000+00:00,-0.8379706144332886,-1.6663644313812256,7.869740962982178
2026-09-27 05:08:53.943000+00:00,-0.8379706144332886,-1.6663644313812256,7.869740962982178
2026-09-27 05:08:53.944000+00:00,-0.8379706144332886,-1.6663644313812256,7.869740962982178
2026-09-27 05:08:54.959000+00:00,-3.945644378662109,-3.8163576126098633,7.977479934692383
2026-09-27 05:08:54.960000+00:00,-3.945644378662109,-3.8163576126098633,7.977479934692383
2026-09-27 05:08:54.961000+00:00,-3.945644378662109,-3.8163576126098633,7.977479934692383
2026-09-27 05:08:55.974000+00:00,-2.2002713680267334,-1.747767210006714,7.374141216278076
2026-09-27 05:08:55.976000+00:00,-2.2002713680267334,-1.747767210006714,7.374141216278076
2026-09-27 05:08:55.977000+00:00,-2.2002713680267334,-1.747767210006714,7.374141216278076
2026-09-27 05:08:56.991000+00:00,0.1939303427934646,-2.64559292793274,8.743624687194824
2026-09-27 05:08:56.993000+00:00,0.1939303427934646,-2.64559292793274,8.743624687194824
2026-09-27 05:08:56.994000+00:00,0.1939303427934646,-2.64559292793274,8.743624687194824
2026-09-27 05:08:58.008000+00:00,1.5682021379470823,-5.638344764709473,7.69735860824585
2026-09-27 05:08:58.009000+00:00,1.5682021379470823,-5.638344764709473,7.69735860824585
2026-09-27 05:08:58.010000+00:00,1.5682021379470823,-5.638344764709473,7.69735860824585
2026-09-27 05:08:59.024000+00:00,-1.3982137441635132,-2.4229321479797363,10.81700325012207
2026-09-27 05:08:59.025000+00:00,-1.3982137441635132,-2.4229321479797363,10.81700325012207
2026-09-27 05:08:59.026000+00:00,-1.3982137441635132,-2.4229321479797363,10.81700325012207
2026-09-27 05:09:00.042000+00:00,-2.1140801906585693,-0.1532289087772369,10.177751541137695
2026-09-27 05:09:00.043000+00:00,-2.1140801906585693,-0.1532289087772369,10.177751541137695
2026-09-27 05:09:01.057000+00:00,-1.7262194156646729,-3.93367338180542,9.90241813659668
2026-09-27 05:09:01.059000+00:00,-1.7262194156646729,-3.93367338180542,9.90241813659668
2026-09-27 05:09:01.060000+00:00,-1.7262194156646729,-3.93367338180542,9.90241813659668
2026-09-27 05:09:02.075000+00:00,0.5267243981361389,-4.017470359802246,8.729259490966797
2026-09-27 05:09:02.076000+00:00,0.5267243981361389,-4.017470359802246,8.729259490966797
2026-09-27 05:09:02.077000+00:00,0.5267243981361389,-4.017470359802246,8.729259490966797
2026-09-27 05:09:03.092000+00:00,-0.2466027736663818,0.0215478148311376,10.527304649353027
2026-09-27 05:09:03.093000+00:00,-0.2466027736663818,0.0215478148311376,10.527304649353027
2026-09-27 05:09:04.108000+00:00,-0.1747767180204391,0.0933738648891449,9.86889934539795
2026-09-27 05:09:04.109000+00:00,-0.1747767180204391,0.0933738648891449,9.86889934539795
2026-09-27 05:09:04.110000+00:00,-0.1747767180204391,0.0933738648891449,9.86889934539795
2026-09-27 05:09:05.124000+00:00,0.0694318488240242,0.0263362191617488,9.763554573059082
2026-09-27 05:09:05.126000+00:00,0.0694318488240242,0.0263362191617488,9.763554573059082
2026-09-27 05:09:05.127000+00:00,0.0694318488240242,0.0263362191617488,9.763554573059082
2026-09-27 05:09:06.140000+00:00,-2.5498247146606445,2.011129379272461,8.87291145324707
2026-09-27 05:09:06.141000+00:00,-2.5498247146606445,2.011129379272461,8.87291145324707
2026-09-27 05:09:06.143000+00:00,-2.5498247146606445,2.011129379272461,8.87291145324707
2026-09-27 05:09:07.158000+00:00,0.9624691009521484,3.222595453262329,8.226476669311523
2026-09-27 05:09:07.159000+00:00,0.9624691009521484,3.222595453262329,8.226476669311523
2026-09-27 05:09:08.174000+00:00,-1.6160861253738403,-1.9273324012756348,9.938331604003906
2026-09-27 05:09:08.175000+00:00,-1.6160861253738403,-1.9273324012756348,9.938331604003906
2026-09-27 05:09:08.176000+00:00,-1.6160861253738403,-1.9273324012756348,9.938331604003906
2026-09-27 05:09:09.190000+00:00,1.2330138683319092,1.8938134908676147,3.272873640060425
2026-09-27 05:09:09.192000+00:00,1.2330138683319092,1.8938134908676147,3.272873640060425
2026-09-27 05:09:09.193000+00:00,1.2330138683319092,1.8938134908676147,3.272873640060425
2026-09-27 05:09:10.206000+00:00,-3.63918662071228,3.25611424446106,7.618350028991699
2026-09-27 05:09:10.207000+00:00,-3.63918662071228,3.25611424446106,7.618350028991699
2026-09-27 05:09:10.208000+00:00,-3.63918662071228,3.25611424446106,7.618350028991699
2026-09-27 05:09:11.224000+00:00,-2.765302896499634,1.2401964664459229,11.21204662322998
2026-09-27 05:09:11.225000+00:00,-2.765302896499634,1.2401964664459229,11.21204662322998
2026-09-27 05:09:12.240000+00:00,1.7932571172714231,-3.457227230072021,8.437167167663574
2026-09-27 05:09:12.241000+00:00,1.7932571172714231,-3.457227230072021,8.437167167663574
2026-09-27 05:09:12.242000+00:00,1.7932571172714231,-3.457227230072021,8.437167167663574
2026-09-27 05:09:13.256000+00:00,1.2521674633026123,-4.58968448638916,8.87291145324707
2026-09-27 05:09:13.258000+00:00,1.2521674633026123,-4.58968448638916,8.87291145324707
2026-09-27 05:09:14.272000+00:00,4.173093795776367,-6.643909931182861,9.29189682006836
2026-09-27 05:09:14.273000+00:00,4.173093795776367,-6.643909931182861,9.29189682006836
2026-09-27 05:09:14.275000+00:00,4.173093795776367,-6.643909931182861,9.29189682006836
2026-09-27 05:09:15.289000+00:00,-1.436521053314209,-0.9145850539207458,10.62786102294922
2026-09-27 05:09:15.291000+00:00,-1.436521053314209,-0.9145850539207458,10.62786102294922
2026-09-27 05:09:15.292000+00:00,-1.436521053314209,-0.9145850539207458,10.62786102294922
2026-09-27 05:09:16.307000+00:00,0.1316810995340347,-0.2442085742950439,10.005369186401367
2026-09-27 05:09:16.308000+00:00,0.1316810995340347,-0.2442085742950439,10.005369186401367
2026-09-27 05:09:17.321000+00:00,0.1460463106632232,1.0534487962722778,9.720458984375
2026-09-27 05:09:17.323000+00:00,0.1460463106632232,1.0534487962722778,9.720458984375
2026-09-27 05:09:17.324000+00:00,0.1460463106632232,1.0534487962722778,9.720458984375
2026-09-27 05:09:18.339000+00:00,2.1475989818573,-4.991910457611084,12.30859088897705
2026-09-27 05:09:18.340000+00:00,2.1475989818573,-4.991910457611084,12.30859088897705
2026-09-27 05:09:18.342000+00:00,2.1475989818573,-4.991910457611084,12.30859088897705
2026-09-27 05:09:19.356000+00:00,0.8762778043746948,-3.1675288677215576,8.995016098022461
2026-09-27 05:09:19.357000+00:00,0.8762778043746948,-3.1675288677215576,8.995016098022461
2026-09-27 05:09:19.358000+00:00,0.8762778043746948,-3.1675288677215576,8.995016098022461
2026-09-27 05:09:20.371000+00:00,1.3910311460494995,-3.7612907886505127,9.10993766784668
2026-09-27 05:09:20.372000+00:00,1.3910311460494995,-3.7612907886505127,9.10993766784668
2026-09-27 05:09:20.373000+00:00,1.3910311460494995,-3.7612907886505127,9.10993766784668
2026-09-27 05:09:21.388000+00:00,1.2018892765045166,-3.790021181106568,9.057265281677246
2026-09-27 05:09:21.390000+00:00,1.2018892765045166,-3.790021181106568,9.057265281677246
2026-09-27 05:09:21.391000+00:00,1.2018892765045166,-3.790021181106568,9.057265281677246
2026-09-27 05:09:22.405000+00:00,1.357512354850769,-3.811569213867188,9.081207275390623
2026-09-27 05:09:22.406000+00:00,1.357512354850769,-3.811569213867188,9.081207275390623
2026-09-27 05:09:22.407000+00:00,1.357512354850769,-3.811569213867188,9.081207275390623
2026-09-27 05:09:23.423000+00:00,0.9672574996948242,-3.833117008209229,9.057265281677246
2026-09-27 05:09:23.424000+00:00,0.9672574996948242,-3.833117008209229,9.057265281677246
2026-09-27 05:09:23.425000+00:00,0.9672574996948242,-3.833117008209229,9.057265281677246
2026-09-27 05:09:24.438000+00:00,1.0055646896362305,-3.864241600036621,9.066842079162598
2026-09-27 05:09:24.439000+00:00,1.0055646896362305,-3.864241600036621,9.066842079162598
2026-09-27 05:09:24.440000+00:00,1.0055646896362305,-3.864241600036621,9.066842079162598
2026-09-27 05:09:25.454000+00:00,0.9888052940368652,-3.823540210723877,9.004592895507812
2026-09-27 05:09:25.456000+00:00,0.9888052940368652,-3.823540210723877,9.004592895507812
2026-09-27 05:09:26.470000+00:00,0.7805097699165344,-3.845088005065918,9.227252960205078
2026-09-27 05:09:26.471000+00:00,0.7805097699165344,-3.845088005065918,9.227252960205078
2026-09-27 05:09:26.472000+00:00,0.7805097699165344,-3.845088005065918,9.227252960205078
2026-09-27 05:09:27.491000+00:00,0.8164227604866028,-3.778050184249878,9.038111686706545
2026-09-27 05:09:27.496000+00:00,0.8164227604866028,-3.778050184249878,9.038111686706545
2026-09-27 05:09:27.497000+00:00,0.8164227604866028,-3.778050184249878,9.038111686706545
2026-09-27 05:09:28.504000+00:00,0.8212111592292786,-3.818751811981201,9.05487060546875
2026-09-27 05:09:28.505000+00:00,0.8212111592292786,-3.818751811981201,9.05487060546875
2026-09-27 05:09:28.506000+00:00,0.8212111592292786,-3.818751811981201,9.05487060546875
2026-09-27 05:09:29.522000+00:00,5.975927352905273,4.244919776916504,5.3797712326049805
2026-09-27 05:09:29.523000+00:00,5.975927352905273,4.244919776916504,5.3797712326049805
2026-09-27 05:09:29.524000+00:00,5.975927352905273,4.244919776916504,5.3797712326049805
2026-09-27 05:09:30.538000+00:00,4.819528102874756,7.477091789245605,4.079719543457031
2026-09-27 05:09:30.539000+00:00,4.819528102874756,7.477091789245605,4.079719543457031
2026-09-27 05:09:30.540000+00:00,4.819528102874756,7.477091789245605,4.079719543457031
2026-09-27 05:09:31.554000+00:00,-3.998316764831543,5.5114521980285645,8.904036521911621
2026-09-27 05:09:31.556000+00:00,-3.998316764831543,5.5114521980285645,8.904036521911621
2026-09-27 05:09:31.557000+00:00,-3.998316764831543,5.5114521980285645,8.904036521911621
2026-09-27 05:09:32.571000+00:00,-3.5936968326568604,6.557718276977539,7.125144481658936
2026-09-27 05:09:32.572000+00:00,-3.5936968326568604,6.557718276977539,7.125144481658936
2026-09-27 05:09:32.574000+00:00,-3.5936968326568604,6.557718276977539,7.125144481658936
2026-09-27 05:09:33.588000+00:00,2.3558945655822754,7.046135425567627,6.615179061889648
2026-09-27 05:09:33.589000+00:00,2.3558945655822754,7.046135425567627,6.615179061889648
2026-09-27 05:09:33.590000+00:00,2.3558945655822754,7.046135425567627,6.615179061889648
2026-09-27 05:09:34.604000+00:00,6.991068840026856,-7.501033782958984,11.496956825256348
2026-09-27 05:09:34.605000+00:00,6.991068840026856,-7.501033782958984,11.496956825256348
2026-09-27 05:09:34.606000+00:00,6.991068840026856,-7.501033782958984,11.496956825256348
2026-09-27 05:09:35.620000+00:00,2.6599581241607666,-4.132391929626465,8.446743965148926
2026-09-27 05:09:35.622000+00:00,2.6599581241607666,-4.132391929626465,8.446743965148926
2026-09-27 05:09:35.623000+00:00,2.6599581241607666,-4.132391929626465,8.446743965148926
2026-09-27 05:09:36.637000+00:00,-1.05105459690094,-2.106897592544556,10.393229484558104
2026-09-27 05:09:36.638000+00:00,-1.05105459690094,-2.106897592544556,10.393229484558104
2026-09-27 05:09:36.639000+00:00,-1.05105459690094,-2.106897592544556,10.393229484558104
2026-09-27 05:09:37.655000+00:00,-6.782773494720459,-1.5897499322891235,10.60391902923584
2026-09-27 05:09:37.656000+00:00,-6.782773494720459,-1.5897499322891235,10.60391902923584
2026-09-27 05:09:37.657000+00:00,-6.782773494720459,-1.5897499322891235,10.60391902923584
2026-09-27 05:09:38.670000+00:00,0.4740519225597381,-7.06528902053833,9.806650161743164
2026-09-27 05:09:38.671000+00:00,0.4740519225597381,-7.06528902053833,9.806650161743164
2026-09-27 05:09:39.687000+00:00,0.706289529800415,8.26478385925293,4.541800498962402
2026-09-27 05:09:39.688000+00:00,0.706289529800415,8.26478385925293,4.541800498962402
2026-09-27 05:09:39.689000+00:00,0.706289529800415,8.26478385925293,4.541800498962402
2026-09-27 05:09:40.703000+00:00,-9.26795482635498,3.718195199966431,4.338293552398682
2026-09-27 05:09:40.704000+00:00,-9.26795482635498,3.718195199966431,4.338293552398682
2026-09-27 05:09:40.706000+00:00,-9.26795482635498,3.718195199966431,4.338293552398682
2026-09-27 05:09:41.720000+00:00,-9.17697525024414,6.150704383850098,3.354276657104492
2026-09-27 05:09:41.721000+00:00,-9.17697525024414,6.150704383850098,3.354276657104492
2026-09-27 05:09:41.722000+00:00,-9.17697525024414,6.150704383850098,3.354276657104492
2026-09-27 05:09:42.736000+00:00,-3.794809579849243,-1.721431016921997,12.160150527954102
2026-09-27 05:09:42.737000+00:00,-3.794809579849243,-1.721431016921997,12.160150527954102
2026-09-27 05:09:42.738000+00:00,-3.794809579849243,-1.721431016921997,12.160150527954102
2026-09-27 05:09:43.753000+00:00,4.1156325340271,-4.7189717292785645,6.8162922859191895
2026-09-27 05:09:43.755000+00:00,4.1156325340271,-4.7189717292785645,6.8162922859191895
2026-09-27 05:09:43.756000+00:00,4.1156325340271,-4.7189717292785645,6.8162922859191895
2026-09-27 05:09:44.771000+00:00,-3.126827478408813,-0.0837970599532127,9.92396640777588
2026-09-27 05:09:44.772000+00:00,-3.126827478408813,-0.0837970599532127,9.92396640777588
2026-09-27 05:09:44.774000+00:00,-3.126827478408813,-0.0837970599532127,9.92396640777588
2026-09-27 05:09:45.786000+00:00,0.6177040338516235,-1.072602391242981,8.710105895996094
2026-09-27 05:09:45.787000+00:00,0.6177040338516235,-1.072602391242981,8.710105895996094
2026-09-27 05:09:45.788000+00:00,0.6177040338516235,-1.072602391242981,8.710105895996094
2026-09-27 05:09:46.803000+00:00,1.702277421951294,-3.3494882583618164,8.08043098449707
2026-09-27 05:09:46.804000+00:00,1.702277421951294,-3.3494882583618164,8.08043098449707
2026-09-27 05:09:46.805000+00:00,1.702277421951294,-3.3494882583618164,8.08043098449707
2026-09-27 05:09:47.819000+00:00,-0.6847416758537292,1.3407529592514038,8.851364135742188
2026-09-27 05:09:47.821000+00:00,-0.6847416758537292,1.3407529592514038,8.851364135742188
2026-09-27 05:09:47.822000+00:00,-0.6847416758537292,1.3407529592514038,8.851364135742188
2026-09-27 05:09:48.836000+00:00,2.0254945755004883,0.4716577231884002,9.167398452758787
2026-09-27 05:09:48.837000+00:00,2.0254945755004883,0.4716577231884002,9.167398452758787
2026-09-27 05:09:48.838000+00:00,2.0254945755004883,0.4716577231884002,9.167398452758787
2026-09-27 05:09:49.853000+00:00,2.4420857429504395,-6.449979305267334,7.635109424591064
2026-09-27 05:09:49.854000+00:00,2.4420857429504395,-6.449979305267334,7.635109424591064
2026-09-27 05:09:49.855000+00:00,2.4420857429504395,-6.449979305267334,7.635109424591064
2026-09-27 05:09:50.868000+00:00,-0.6440402865409851,2.9472622871398926,9.44991397857666
2026-09-27 05:09:50.869000+00:00,-0.6440402865409851,2.9472622871398926,9.44991397857666
2026-09-27 05:09:50.870000+00:00,-0.6440402865409851,2.9472622871398926,9.44991397857666
2026-09-27 05:09:51.885000+00:00,3.950432777404785,-11.386823654174805,7.838616371154785
2026-09-27 05:09:51.887000+00:00,3.950432777404785,-11.386823654174805,7.838616371154785
2026-09-27 05:09:51.888000+00:00,3.950432777404785,-11.386823654174805,7.838616371154785
2026-09-27 05:09:52.903000+00:00,-0.1101332753896713,-1.987187385559082,12.466608047485352
2026-09-27 05:09:52.904000+00:00,-0.1101332753896713,-1.987187385559082,12.466608047485352
2026-09-27 05:09:52.906000+00:00,-0.1101332753896713,-1.987187385559082,12.466608047485352
2026-09-27 05:09:53.920000+00:00,-3.00711727142334,1.821987509727478,9.361329078674316
2026-09-27 05:09:53.921000+00:00,-3.00711727142334,1.821987509727478,9.361329078674316
2026-09-27 05:09:53.922000+00:00,-3.00711727142334,1.821987509727478,9.361329078674316
2026-09-27 05:09:54.936000+00:00,1.5442601442337036,-2.875436305999756,7.295132637023926
2026-09-27 05:09:54.937000+00:00,1.5442601442337036,-2.875436305999756,7.295132637023926
2026-09-27 05:09:54.938000+00:00,1.5442601442337036,-2.875436305999756,7.295132637023926
2026-09-27 05:09:55.952000+00:00,3.4380736351013184,-5.128379821777344,7.857769966125488
2026-09-27 05:09:55.954000+00:00,3.4380736351013184,-5.128379821777344,7.857769966125488
2026-09-27 05:09:56.967000+00:00,1.742978811264038,-4.16112232208252,7.965508937835693
2026-09-27 05:09:56.968000+00:00,1.742978811264038,-4.16112232208252,7.965508937835693
2026-09-27 05:09:56.969000+00:00,1.742978811264038,-4.16112232208252,7.965508937835693
2026-09-27 05:09:57.986000+00:00,0.768538773059845,2.535459518432617,8.983044624328613
2026-09-27 05:09:57.987000+00:00,0.768538773059845,2.535459518432617,8.983044624328613
2026-09-27 05:09:59.001000+00:00,0.1675941199064254,2.3965959548950195,9.548076629638672
2026-09-27 05:09:59.002000+00:00,0.1675941199064254,2.3965959548950195,9.548076629638672
2026-09-27 05:09:59.004000+00:00,0.1675941199064254,2.3965959548950195,9.548076629638672
2026-09-27 05:10:00.017000+00:00,5.442020416259766,0.8427590131759644,7.910442352294922
2026-09-27 05:10:00.019000+00:00,5.442020416259766,0.8427590131759644,7.910442352294922
2026-09-27 05:10:00.020000+00:00,5.442020416259766,0.8427590131759644,7.910442352294922
2026-09-27 05:10:01.033000+00:00,6.737283706665039,-4.675876140594482,8.24084186553955
2026-09-27 05:10:01.035000+00:00,6.737283706665039,-4.675876140594482,8.24084186553955
2026-09-27 05:10:01.036000+00:00,6.737283706665039,-4.675876140594482,8.24084186553955
2026-09-27 05:10:02.051000+00:00,-0.5889736413955688,0.3854664862155914,9.74440097808838
2026-09-27 05:10:02.054000+00:00,-0.5889736413955688,0.3854664862155914,9.74440097808838
2026-09-27 05:10:02.055000+00:00,-0.5889736413955688,0.3854664862155914,9.74440097808838
2026-09-27 05:10:03.068000+00:00,-1.644816517829895,0.727837324142456,9.75397777557373
2026-09-27 05:10:03.069000+00:00,-1.644816517829895,0.727837324142456,9.75397777557373
2026-09-27 05:10:04.083000+00:00,7.089231014251709,-8.252813339233398,7.862558364868164
2026-09-27 05:10:04.084000+00:00,7.089231014251709,-8.252813339233398,7.862558364868164
2026-09-27 05:10:04.085000+00:00,7.089231014251709,-8.252813339233398,7.862558364868164
2026-09-27 05:10:05.100000+00:00,8.312667846679688,-4.790797710418701,6.04775333404541
2026-09-27 05:10:05.101000+00:00,8.312667846679688,-4.790797710418701,6.04775333404541
2026-09-27 05:10:05.102000+00:00,8.312667846679688,-4.790797710418701,6.04775333404541
2026-09-27 05:10:06.117000+00:00,-5.276820659637451,-0.3854664862155914,11.51850414276123
2026-09-27 05:10:06.118000+00:00,-5.276820659637451,-0.3854664862155914,11.51850414276123
2026-09-27 05:10:06.119000+00:00,-5.276820659637451,-0.3854664862155914,11.51850414276123
2026-09-27 05:10:07.133000+00:00,-2.0614075660705566,0.4716577231884002,9.986215591430664
2026-09-27 05:10:07.134000+00:00,-2.0614075660705566,0.4716577231884002,9.986215591430664
2026-09-27 05:10:08.150000+00:00,-4.888959884643555,0.8834604024887085,11.765107154846191
2026-09-27 05:10:08.151000+00:00,-4.888959884643555,0.8834604024887085,11.765107154846191
2026-09-27 05:10:08.152000+00:00,-4.888959884643555,0.8834604024887085,11.765107154846191
2026-09-27 05:10:09.166000+00:00,3.878606796264648,-2.252943754196167,6.10521411895752
2026-09-27 05:10:09.167000+00:00,3.878606796264648,-2.252943754196167,6.10521411895752
2026-09-27 05:10:09.169000+00:00,3.878606796264648,-2.252943754196167,6.10521411895752
2026-09-27 05:10:10.183000+00:00,3.660734415054321,-6.086060523986816,7.888894557952881
2026-09-27 05:10:10.192000+00:00,3.660734415054321,-6.086060523986816,7.888894557952881
2026-09-27 05:10:11.199000+00:00,-2.53306531906128,1.45806884765625,9.840168952941896
2026-09-27 05:10:11.200000+00:00,-2.53306531906128,1.45806884765625,9.840168952941896
2026-09-27 05:10:11.201000+00:00,-2.53306531906128,1.45806884765625,9.840168952941896
2026-09-27 05:10:12.215000+00:00,0.4525041282176971,-6.0405707359313965,13.15853214263916
2026-09-27 05:10:12.217000+00:00,0.4525041282176971,-6.0405707359313965,13.15853214263916
2026-09-27 05:10:12.218000+00:00,0.4525041282176971,-6.0405707359313965,13.15853214263916
2026-09-27 05:10:13.232000+00:00,6.9024834632873535,-5.228936672210693,8.863334655761719
2026-09-27 05:10:13.233000+00:00,6.9024834632873535,-5.228936672210693,8.863334655761719
2026-09-27 05:10:13.234000+00:00,6.9024834632873535,-5.228936672210693,8.863334655761719
2026-09-27 05:10:14.249000+00:00,-4.5825018882751465,0.0622492432594299,8.880094528198242
2026-09-27 05:10:14.250000+00:00,-4.5825018882751465,0.0622492432594299,8.880094528198242
2026-09-27 05:10:15.265000+00:00,-1.0749965906143188,0.8523358106613159,10.639832496643066
2026-09-27 05:10:15.266000+00:00,-1.0749965906143188,0.8523358106613159,10.639832496643066
2026-09-27 05:10:15.267000+00:00,-1.0749965906143188,0.8523358106613159,10.639832496643066
2026-09-27 05:10:16.282000+00:00,1.6879122257232666,-0.6488286852836609,8.212111473083496
2026-09-27 05:10:16.284000+00:00,1.6879122257232666,-0.6488286852836609,8.212111473083496
2026-09-27 05:10:16.285000+00:00,1.6879122257232666,-0.6488286852836609,8.212111473083496
2026-09-27 05:10:17.298000+00:00,4.596867084503174,-0.2466027736663818,7.9846625328063965
2026-09-27 05:10:17.299000+00:00,4.596867084503174,-0.2466027736663818,7.9846625328063965
2026-09-27 05:10:17.301000+00:00,4.596867084503174,-0.2466027736663818,7.9846625328063965
2026-09-27 05:10:18.316000+00:00,-4.247313976287842,2.7461493015289307,9.57441234588623
2026-09-27 05:10:18.317000+00:00,-4.247313976287842,2.7461493015289307,9.57441234588623
2026-09-27 05:10:18.318000+00:00,-4.247313976287842,2.7461493015289307,9.57441234588623
2026-09-27 05:10:19.332000+00:00,-1.7549498081207275,1.874659895896912,9.5624418258667
2026-09-27 05:10:19.333000+00:00,-1.7549498081207275,1.874659895896912,9.5624418258667
2026-09-27 05:10:19.334000+00:00,-1.7549498081207275,1.874659895896912,9.5624418258667
2026-09-27 05:10:20.349000+00:00,-3.066972494125366,2.23857855796814,9.53849983215332
2026-09-27 05:10:20.351000+00:00,-3.066972494125366,2.23857855796814,9.53849983215332
2026-09-27 05:10:21.365000+00:00,3.869029998779297,-0.646434485912323,7.642292022705078
2026-09-27 05:10:21.367000+00:00,3.869029998779297,-0.646434485912323,7.642292022705078
2026-09-27 05:10:22.382000+00:00,3.5027170181274414,-5.152322292327881,7.740454196929932
2026-09-27 05:10:22.383000+00:00,3.5027170181274414,-5.152322292327881,7.740454196929932
2026-09-27 05:10:23.398000+00:00,3.641580820083618,-5.386953830718994,7.548917770385742
2026-09-27 05:10:23.401000+00:00,3.641580820083618,-5.386953830718994,7.548917770385742
2026-09-27 05:10:24.415000+00:00,5.556941986083984,-7.168240070343018,7.757213592529297
2026-09-27 05:10:24.417000+00:00,5.556941986083984,-7.168240070343018,7.757213592529297
2026-09-27 05:10:24.419000+00:00,5.556941986083984,-7.168240070343018,7.757213592529297
2026-09-27 05:10:25.431000+00:00,2.1595699787139893,0.0670376494526863,9.60553741455078
2026-09-27 05:10:25.433000+00:00,2.1595699787139893,0.0670376494526863,9.60553741455078
2026-09-27 05:10:26.448000+00:00,1.5466543436050415,-8.492233276367188,4.649539470672607
2026-09-27 05:10:26.449000+00:00,1.5466543436050415,-8.492233276367188,4.649539470672607
2026-09-27 05:10:27.464000+00:00,-4.120420932769775,2.8107926845550537,11.015722274780272
2026-09-27 05:10:27.465000+00:00,-4.120420932769775,2.8107926845550537,11.015722274780272
2026-09-27 05:10:27.466000+00:00,-4.120420932769775,2.8107926845550537,11.015722274780272
2026-09-27 05:10:28.481000+00:00,-0.0430956296622753,-0.0694318488240242,10.852916717529297
2026-09-27 05:10:28.482000+00:00,-0.0430956296622753,-0.0694318488240242,10.852916717529297
2026-09-27 05:10:28.483000+00:00,-0.0430956296622753,-0.0694318488240242,10.852916717529297
2026-09-27 05:10:29.497000+00:00,1.9632453918457031,-3.1531636714935303,7.089231014251709
2026-09-27 05:10:29.498000+00:00,1.9632453918457031,-3.1531636714935303,7.089231014251709
2026-09-27 05:10:29.499000+00:00,1.9632453918457031,-3.1531636714935303,7.089231014251709
2026-09-27 05:10:30.514000+00:00,1.3048399686813354,-0.2178723514080047,10.60391902923584
2026-09-27 05:10:30.515000+00:00,1.3048399686813354,-0.2178723514080047,10.60391902923584
2026-09-27 05:10:30.517000+00:00,1.3048399686813354,-0.2178723514080047,10.60391902923584
2026-09-27 05:10:31.531000+00:00,1.5298948287963867,1.2880805730819702,10.81460952758789
2026-09-27 05:10:31.532000+00:00,1.5298948287963867,1.2880805730819702,10.81460952758789
2026-09-27 05:10:31.533000+00:00,1.5298948287963867,1.2880805730819702,10.81460952758789
2026-09-27 05:10:32.547000+00:00,5.834669589996338,-7.757213592529297,6.452373504638672
2026-09-27 05:10:32.548000+00:00,5.834669589996338,-7.757213592529297,6.452373504638672
2026-09-27 05:10:32.550000+00:00,5.834669589996338,-7.757213592529297,6.452373504638672
2026-09-27 05:10:33.564000+00:00,0.507570743560791,0.2992752194404602,7.043741226196289
2026-09-27 05:10:33.565000+00:00,0.507570743560791,0.2992752194404602,7.043741226196289
2026-09-27 05:10:33.566000+00:00,0.507570743560791,0.2992752194404602,7.043741226196289
2026-09-27 05:10:34.580000+00:00,3.799597978591919,-5.889736175537109,9.07641887664795
2026-09-27 05:10:34.582000+00:00,3.799597978591919,-5.889736175537109,9.07641887664795
2026-09-27 05:10:34.583000+00:00,3.799597978591919,-5.889736175537109,9.07641887664795
2026-09-27 05:10:35.596000+00:00,1.2497732639312744,1.403002142906189,9.895236015319824
2026-09-27 05:10:35.597000+00:00,1.2497732639312744,1.403002142906189,9.895236015319824
2026-09-27 05:10:35.598000+00:00,1.2497732639312744,1.403002142906189,9.895236015319824
2026-09-27 05:10:36.614000+00:00,4.663905143737793,-3.9815573692321777,7.479485988616943
2026-09-27 05:10:36.615000+00:00,4.663905143737793,-3.9815573692321777,7.479485988616943
2026-09-27 05:10:36.617000+00:00,4.663905143737793,-3.9815573692321777,7.479485988616943
2026-09-27 05:10:37.631000+00:00,5.70777702331543,-3.9600095748901367,6.8043212890625
2026-09-27 05:10:37.632000+00:00,5.70777702331543,-3.9600095748901367,6.8043212890625
2026-09-27 05:10:38.645000+00:00,2.0446481704711914,-1.0103530883789062,9.186552047729492
2026-09-27 05:10:38.646000+00:00,2.0446481704711914,-1.0103530883789062,9.186552047729492
2026-09-27 05:10:38.647000+00:00,2.0446481704711914,-1.0103530883789062,9.186552047729492
2026-09-27 05:10:39.663000+00:00,-2.537853717803955,2.9089550971984863,9.191340446472168
2026-09-27 05:10:39.664000+00:00,-2.537853717803955,2.9089550971984863,9.191340446472168
2026-09-27 05:10:39.665000+00:00,-2.537853717803955,2.9089550971984863,9.191340446472168
2026-09-27 05:10:40.679000+00:00,-0.8068459630012512,1.0893617868423462,7.845798969268799
2026-09-27 05:10:40.680000+00:00,-0.8068459630012512,1.0893617868423462,7.845798969268799
2026-09-27 05:10:40.681000+00:00,-0.8068459630012512,1.0893617868423462,7.845798969268799
2026-09-27 05:10:41.696000+00:00,4.944026470184326,-7.359776020050049,8.362946510314941
2026-09-27 05:10:41.697000+00:00,4.944026470184326,-7.359776020050049,8.362946510314941
2026-09-27 05:10:41.698000+00:00,4.944026470184326,-7.359776020050049,8.362946510314941
2026-09-27 05:10:42.712000+00:00,5.245696067810059,-1.7142484188079834,7.510610580444336
2026-09-27 05:10:42.713000+00:00,5.245696067810059,-1.7142484188079834,7.510610580444336
2026-09-27 05:10:42.714000+00:00,5.245696067810059,-1.7142484188079834,7.510610580444336
2026-09-27 05:10:43.729000+00:00,2.2194249629974365,2.5450363159179688,9.763554573059082
2026-09-27 05:10:43.731000+00:00,2.2194249629974365,2.5450363159179688,9.763554573059082
2026-09-27 05:10:43.733000+00:00,2.2194249629974365,2.5450363159179688,9.763554573059082
2026-09-27 05:10:44.744000+00:00,1.699883222579956,1.525106430053711,9.801861763000488
2026-09-27 05:10:44.745000+00:00,1.699883222579956,1.525106430053711,9.801861763000488
2026-09-27 05:10:44.748000+00:00,1.699883222579956,1.525106430053711,9.801861763000488
2026-09-27 05:10:45.763000+00:00,-2.255337953567505,1.6903064250946045,8.039729118347168
2026-09-27 05:10:45.764000+00:00,-2.255337953567505,1.6903064250946045,8.039729118347168
2026-09-27 05:10:46.778000+00:00,-4.197035789489746,-0.7948749661445618,8.401253700256348
2026-09-27 05:10:46.779000+00:00,-4.197035789489746,-0.7948749661445618,8.401253700256348
2026-09-27 05:10:46.780000+00:00,-4.197035789489746,-0.7948749661445618,8.401253700256348
2026-09-27 05:10:47.795000+00:00,1.0749965906143188,-1.958456993103028,9.543288230895996
2026-09-27 05:10:47.797000+00:00,1.0749965906143188,-1.958456993103028,9.543288230895996
2026-09-27 05:10:48.812000+00:00,1.994369983673096,0.6200982332229614,11.88002872467041
2026-09-27 05:10:48.813000+00:00,1.994369983673096,0.6200982332229614,11.88002872467041
2026-09-27 05:10:49.829000+00:00,-2.202665567398072,-4.51067590713501,11.628637313842772
2026-09-27 05:10:49.830000+00:00,-2.202665567398072,-4.51067590713501,11.628637313842772
2026-09-27 05:10:50.847000+00:00,-3.359065055847168,-2.9544448852539062,8.010998725891113
2026-09-27 05:10:50.848000+00:00,-3.359065055847168,-2.9544448852539062,8.010998725891113
2026-09-27 05:10:51.861000+00:00,-1.9345149993896484,-1.843535304069519,9.349357604980469
2026-09-27 05:10:51.863000+00:00,-1.9345149993896484,-1.843535304069519,9.349357604980469
2026-09-27 05:10:51.864000+00:00,-1.9345149993896484,-1.843535304069519,9.349357604980469
2026-09-27 05:10:52.878000+00:00,2.3511061668396,2.22660756111145,9.339780807495115
2026-09-27 05:10:52.879000+00:00,2.3511061668396,2.22660756111145,9.339780807495115
2026-09-27 05:10:52.880000+00:00,2.3511061668396,2.22660756111145,9.339780807495115
2026-09-27 05:10:53.895000+00:00,3.5865142345428467,2.7078421115875244,9.646238327026367
2026-09-27 05:10:53.896000+00:00,3.5865142345428467,2.7078421115875244,9.646238327026367
2026-09-27 05:10:54.911000+00:00,-2.3511061668396,8.281543731689453,5.147533416748047
2026-09-27 05:10:54.912000+00:00,-2.3511061668396,8.281543731689453,5.147533416748047
2026-09-27 05:10:55.927000+00:00,-2.3942017555236816,4.304774761199951,5.839457988739014
2026-09-27 05:10:55.929000+00:00,-2.3942017555236816,4.304774761199951,5.839457988739014
2026-09-27 05:10:55.930000+00:00,-2.3942017555236816,4.304774761199951,5.839457988739014
2026-09-27 05:10:56.944000+00:00,5.578489780426025,-3.136404275894165,10.754754066467283
2026-09-27 05:10:56.945000+00:00,5.578489780426025,-3.136404275894165,10.754754066467283
2026-09-27 05:10:56.947000+00:00,5.578489780426025,-3.136404275894165,10.754754066467283
2026-09-27 05:10:57.962000+00:00,3.641580820083618,1.3862427473068235,8.609549522399902
2026-09-27 05:10:57.963000+00:00,3.641580820083618,1.3862427473068235,8.609549522399902
2026-09-27 05:10:57.964000+00:00,3.641580820083618,1.3862427473068235,8.609549522399902
2026-09-27 05:10:58.976000+00:00,4.963180065155029,-1.012747287750244,8.698134422302246
2026-09-27 05:10:58.977000+00:00,4.963180065155029,-1.012747287750244,8.698134422302246
2026-09-27 05:10:58.978000+00:00,4.963180065155029,-1.012747287750244,8.698134422302246
2026-09-27 05:10:59.994000+00:00,4.99669885635376,-1.0079588890075684,8.291120529174805
2026-09-27 05:10:59.995000+00:00,4.99669885635376,-1.0079588890075684,8.291120529174805
2026-09-27 05:10:59.996000+00:00,4.99669885635376,-1.0079588890075684,8.291120529174805
2026-09-27 05:11:01.010000+00:00,1.1109095811843872,-1.6879122257232666,10.091560363769531
2026-09-27 05:11:01.011000+00:00,1.1109095811843872,-1.6879122257232666,10.091560363769531
2026-09-27 05:11:01.012000+00:00,1.1109095811843872,-1.6879122257232666,10.091560363769531
2026-09-27 05:11:02.027000+00:00,4.292803764343262,-2.999934673309326,8.487444877624512
2026-09-27 05:11:02.028000+00:00,4.292803764343262,-2.999934673309326,8.487444877624512
2026-09-27 05:11:02.029000+00:00,4.292803764343262,-2.999934673309326,8.487444877624512
2026-09-27 05:11:03.043000+00:00,-3.248931646347046,-3.689464807510376,9.0859956741333
2026-09-27 05:11:03.044000+00:00,-3.248931646347046,-3.689464807510376,9.0859956741333
2026-09-27 05:11:03.045000+00:00,-3.248931646347046,-3.689464807510376,9.0859956741333
2026-09-27 05:11:04.060000+00:00,-0.1149216815829277,3.421314239501953,8.83699893951416
2026-09-27 05:11:04.061000+00:00,-0.1149216815829277,3.421314239501953,8.83699893951416
2026-09-27 05:11:04.062000+00:00,-0.1149216815829277,3.421314239501953,8.83699893951416
2026-09-27 05:11:05.076000+00:00,0.272938996553421,3.066972494125366,9.253589630126951
2026-09-27 05:11:05.077000+00:00,0.272938996553421,3.066972494125366,9.253589630126951
2026-09-27 05:11:05.079000+00:00,0.272938996553421,3.066972494125366,9.253589630126951
2026-09-27 05:11:06.095000+00:00,0.42377370595932,1.999158382415772,9.41400146484375
2026-09-27 05:11:06.099000+00:00,0.42377370595932,1.999158382415772,9.41400146484375
2026-09-27 05:11:06.100000+00:00,0.42377370595932,1.999158382415772,9.41400146484375
2026-09-27 05:11:07.109000+00:00,-1.5418659448623655,3.359065055847168,9.17936897277832
2026-09-27 05:11:07.111000+00:00,-1.5418659448623655,3.359065055847168,9.17936897277832
2026-09-27 05:11:08.126000+00:00,0.1675941199064254,-1.9249382019042969,9.792284965515137
2026-09-27 05:11:08.127000+00:00,0.1675941199064254,-1.9249382019042969,9.792284965515137
2026-09-27 05:11:09.142000+00:00,1.2689268589019775,-2.363077163696289,8.695740699768066
2026-09-27 05:11:09.143000+00:00,1.2689268589019775,-2.363077163696289,8.695740699768066
2026-09-27 05:11:10.159000+00:00,-0.4572925269603729,-1.999158382415772,9.684545516967772
2026-09-27 05:11:10.161000+00:00,-0.4572925269603729,-1.999158382415772,9.684545516967772
2026-09-27 05:11:10.162000+00:00,-0.4572925269603729,-1.999158382415772,9.684545516967772
2026-09-27 05:11:11.175000+00:00,1.4772224426269531,-1.1563993692398071,9.684545516967772
2026-09-27 05:11:11.176000+00:00,1.4772224426269531,-1.1563993692398071,9.684545516967772
2026-09-27 05:11:11.178000+00:00,1.4772224426269531,-1.1563993692398071,9.684545516967772
2026-09-27 05:11:12.192000+00:00,0.5339069962501526,-0.3280056416988373,9.658209800720217
2026-09-27 05:11:12.193000+00:00,0.5339069962501526,-0.3280056416988373,9.658209800720217
2026-09-27 05:11:12.194000+00:00,0.5339069962501526,-0.3280056416988373,9.658209800720217
2026-09-27 05:11:13.208000+00:00,-0.1939303427934646,1.953668594360352,9.526528358459473
2026-09-27 05:11:13.209000+00:00,-0.1939303427934646,1.953668594360352,9.526528358459473
2026-09-27 05:11:13.210000+00:00,-0.1939303427934646,1.953668594360352,9.526528358459473
2026-09-27 05:11:14.225000+00:00,0.0454898327589035,2.2649147510528564,9.296685218811035
2026-09-27 05:11:14.226000+00:00,0.0454898327589035,2.2649147510528564,9.296685218811035
2026-09-27 05:11:14.227000+00:00,0.0454898327589035,2.2649147510528564,9.296685218811035
2026-09-27 05:11:15.242000+00:00,0.0622492432594299,-0.2489969730377197,10.14902114868164
2026-09-27 05:11:15.243000+00:00,0.0622492432594299,-0.2489969730377197,10.14902114868164
2026-09-27 05:11:15.244000+00:00,0.0622492432594299,-0.2489969730377197,10.14902114868164
2026-09-27 05:11:16.258000+00:00,-0.102950669825077,-2.959233283996582,8.178592681884766
2026-09-27 05:11:16.259000+00:00,-0.102950669825077,-2.959233283996582,8.178592681884766
2026-09-27 05:11:17.275000+00:00,-1.4676456451416016,-3.287238836288452,9.859322547912598
2026-09-27 05:11:17.276000+00:00,-1.4676456451416016,-3.287238836288452,9.859322547912598
2026-09-27 05:11:17.277000+00:00,-1.4676456451416016,-3.287238836288452,9.859322547912598
2026-09-27 05:11:18.291000+00:00,2.051830768585205,-1.656787633895874,9.368511199951172
2026-09-27 05:11:18.293000+00:00,2.051830768585205,-1.656787633895874,9.368511199951172
2026-09-27 05:11:18.294000+00:00,2.051830768585205,-1.656787633895874,9.368511199951172
2026-09-27 05:11:19.307000+00:00,4.1874589920043945,2.161964178085327,5.547365188598633
2026-09-27 05:11:19.308000+00:00,4.1874589920043945,2.161964178085327,5.547365188598633
2026-09-27 05:11:19.318000+00:00,4.1874589920043945,2.161964178085327,5.547365188598633
2026-09-27 05:11:20.325000+00:00,2.5761611461639404,0.1149216815829277,9.65581512451172
2026-09-27 05:11:20.326000+00:00,2.5761611461639404,0.1149216815829277,9.65581512451172
2026-09-27 05:11:20.327000+00:00,2.5761611461639404,0.1149216815829277,9.65581512451172
2026-09-27 05:11:21.341000+00:00,-2.1045033931732178,-1.723825216293335,9.509769439697266
2026-09-27 05:11:21.342000+00:00,-2.1045033931732178,-1.723825216293335,9.509769439697266
2026-09-27 05:11:21.343000+00:00,-2.1045033931732178,-1.723825216293335,9.509769439697266
2026-09-27 05:11:22.358000+00:00,1.3024457693099976,-1.01753568649292,8.705317497253418
2026-09-27 05:11:22.359000+00:00,1.3024457693099976,-1.01753568649292,8.705317497253418
2026-09-27 05:11:22.360000+00:00,1.3024457693099976,-1.01753568649292,8.705317497253418
2026-09-27 05:11:23.374000+00:00,2.607285737991333,-4.955997467041016,8.75080680847168
2026-09-27 05:11:23.375000+00:00,2.607285737991333,-4.955997467041016,8.75080680847168
2026-09-27 05:11:23.376000+00:00,2.607285737991333,-4.955997467041016,8.75080680847168
2026-09-27 05:11:24.391000+00:00,-2.070984363555908,-2.2625205516815186,10.912771224975586
2026-09-27 05:11:24.392000+00:00,-2.070984363555908,-2.2625205516815186,10.912771224975586
2026-09-27 05:11:24.393000+00:00,-2.070984363555908,-2.2625205516815186,10.912771224975586
2026-09-27 05:11:25.407000+00:00,-0.3711012601852417,5.018246650695801,8.068459510803223
2026-09-27 05:11:25.408000+00:00,-0.3711012601852417,5.018246650695801,8.068459510803223
2026-09-27 05:11:25.409000+00:00,-0.3711012601852417,5.018246650695801,8.068459510803223
2026-09-27 05:11:26.424000+00:00,0.6727706789970398,2.7030537128448486,9.428366661071776
2026-09-27 05:11:26.426000+00:00,0.6727706789970398,2.7030537128448486,9.428366661071776
2026-09-27 05:11:26.427000+00:00,0.6727706789970398,2.7030537128448486,9.428366661071776
2026-09-27 05:11:27.440000+00:00,0.2896983921527862,2.717418909072876,9.545681953430176
2026-09-27 05:11:27.441000+00:00,0.2896983921527862,2.717418909072876,9.545681953430176
2026-09-27 05:11:27.443000+00:00,0.2896983921527862,2.717418909072876,9.545681953430176
2026-09-27 05:11:28.458000+00:00,-1.0797849893569946,3.943250179290772,8.552088737487793
2026-09-27 05:11:28.459000+00:00,-1.0797849893569946,3.943250179290772,8.552088737487793
2026-09-27 05:11:28.460000+00:00,-1.0797849893569946,3.943250179290772,8.552088737487793
2026-09-27 05:11:29.473000+00:00,1.1563993692398071,-1.0438719987869265,10.678139686584473
2026-09-27 05:11:29.474000+00:00,1.1563993692398071,-1.0438719987869265,10.678139686584473
2026-09-27 05:11:29.475000+00:00,1.1563993692398071,-1.0438719987869265,10.678139686584473
2026-09-27 05:11:30.490000+00:00,0.9600749015808104,-1.259350061416626,7.73087739944458
2026-09-27 05:11:30.492000+00:00,0.9600749015808104,-1.259350061416626,7.73087739944458
2026-09-27 05:11:31.507000+00:00,2.612074136734009,-1.4508862495422363,8.932766914367676
2026-09-27 05:11:31.508000+00:00,2.612074136734009,-1.4508862495422363,8.932766914367676
2026-09-27 05:11:31.509000+00:00,2.612074136734009,-1.4508862495422363,8.932766914367676
2026-09-27 05:11:32.524000+00:00,-0.2968810200691223,-1.0989385843276978,9.469067573547363
2026-09-27 05:11:32.525000+00:00,-0.2968810200691223,-1.0989385843276978,9.469067573547363
2026-09-27 05:11:32.526000+00:00,-0.2968810200691223,-1.0989385843276978,9.469067573547363
2026-09-27 05:11:33.540000+00:00,3.770867586135864,-2.964021682739258,10.204087257385254
2026-09-27 05:11:33.541000+00:00,3.770867586135864,-2.964021682739258,10.204087257385254
2026-09-27 05:11:34.556000+00:00,-2.7748796939849854,0.768538773059845,9.78749656677246
2026-09-27 05:11:34.558000+00:00,-2.7748796939849854,0.768538773059845,9.78749656677246
2026-09-27 05:11:34.559000+00:00,-2.7748796939849854,0.768538773059845,9.78749656677246
2026-09-27 05:11:35.574000+00:00,3.7421371936798096,-1.1037269830703735,8.973467826843262
2026-09-27 05:11:35.575000+00:00,3.7421371936798096,-1.1037269830703735,8.973467826843262
2026-09-27 05:11:35.576000+00:00,3.7421371936798096,-1.1037269830703735,8.973467826843262
2026-09-27 05:11:36.590000+00:00,0.332794040441513,-2.3056161403656006,9.552865028381348
2026-09-27 05:11:36.591000+00:00,0.332794040441513,-2.3056161403656006,9.552865028381348
2026-09-27 05:11:37.605000+00:00,0.9840168952941896,-1.912967205047608,9.50737476348877
2026-09-27 05:11:37.606000+00:00,0.9840168952941896,-1.912967205047608,9.50737476348877
2026-09-27 05:11:37.607000+00:00,0.9840168952941896,-1.912967205047608,9.50737476348877
2026-09-27 05:11:38.623000+00:00,4.623203277587891,-2.497152328491211,8.087613105773926
2026-09-27 05:11:38.624000+00:00,4.623203277587891,-2.497152328491211,8.087613105773926
2026-09-27 05:11:38.625000+00:00,4.623203277587891,-2.497152328491211,8.087613105773926
2026-09-27 05:11:39.639000+00:00,2.324769735336304,-1.455674648284912,9.387664794921877
2026-09-27 05:11:39.640000+00:00,2.324769735336304,-1.455674648284912,9.387664794921877
2026-09-27 05:11:40.657000+00:00,1.070208191871643,-0.5913678407669067,9.78989028930664
2026-09-27 05:11:40.658000+00:00,1.070208191871643,-0.5913678407669067,9.78989028930664
2026-09-27 05:11:40.659000+00:00,1.070208191871643,-0.5913678407669067,9.78989028930664
2026-09-27 05:11:41.673000+00:00,0.9768342971801758,-0.5195417404174805,9.818621635437012
2026-09-27 05:11:41.675000+00:00,0.9768342971801758,-0.5195417404174805,9.818621635437012
2026-09-27 05:11:42.689000+00:00,0.90979665517807,-0.545877993106842,9.864110946655272
2026-09-27 05:11:42.691000+00:00,0.90979665517807,-0.545877993106842,9.864110946655272
2026-09-27 05:11:42.692000+00:00,0.90979665517807,-0.545877993106842,9.864110946655272
2026-09-27 05:11:43.705000+00:00,0.9050082564353944,-0.5363011956214905,9.852140426635742
2026-09-27 05:11:43.706000+00:00,0.9050082564353944,-0.5363011956214905,9.852140426635742
2026-09-27 05:11:43.708000+00:00,0.9050082564353944,-0.5363011956214905,9.852140426635742
2026-09-27 05:11:44.722000+00:00,2.006340980529785,-0.3543418645858764,10.465055465698242
2026-09-27 05:11:44.723000+00:00,2.006340980529785,-0.3543418645858764,10.465055465698242
2026-09-27 05:11:44.724000+00:00,2.006340980529785,-0.3543418645858764,10.465055465698242
2026-09-27 05:11:45.739000+00:00,4.280832767486572,1.8315643072128296,8.259995460510254
2026-09-27 05:11:45.740000+00:00,4.280832767486572,1.8315643072128296,8.259995460510254
2026-09-27 05:11:46.755000+00:00,3.25611424446106,1.659181833267212,9.17697525024414
2026-09-27 05:11:46.757000+00:00,3.25611424446106,1.659181833267212,9.17697525024414
2026-09-27 05:11:46.759000+00:00,3.25611424446106,1.659181833267212,9.17697525024414
2026-09-27 05:11:47.771000+00:00,3.1483752727508545,1.5897499322891235,9.210494041442873
2026-09-27 05:11:47.772000+00:00,3.1483752727508545,1.5897499322891235,9.210494041442873
2026-09-27 05:11:47.774000+00:00,3.1483752727508545,1.5897499322891235,9.210494041442873
2026-09-27 05:11:48.788000+00:00,3.050212860107422,1.580173134803772,9.306262016296388
2026-09-27 05:11:48.789000+00:00,3.050212860107422,1.580173134803772,9.306262016296388
2026-09-27 05:11:48.790000+00:00,3.050212860107422,1.580173134803772,9.306262016296388
2026-09-27 05:11:49.804000+00:00,2.925714492797852,1.5658079385757446,9.279925346374512
2026-09-27 05:11:49.805000+00:00,2.925714492797852,1.5658079385757446,9.279925346374512
2026-09-27 05:11:49.806000+00:00,2.925714492797852,1.5658079385757446,9.279925346374512
2026-09-27 05:11:50.821000+00:00,2.6431987285614014,1.4389152526855469,9.423578262329102
2026-09-27 05:11:50.823000+00:00,2.6431987285614014,1.4389152526855469,9.423578262329102
2026-09-27 05:11:50.824000+00:00,2.6431987285614014,1.4389152526855469,9.423578262329102
2026-09-27 05:11:51.837000+00:00,2.595314741134644,1.522712230682373,9.399636268615724
2026-09-27 05:11:51.838000+00:00,2.595314741134644,1.522712230682373,9.399636268615724
2026-09-27 05:11:51.840000+00:00,2.595314741134644,1.522712230682373,9.399636268615724
2026-09-27 05:11:52.854000+00:00,3.7421371936798096,0.1077390760183334,9.368511199951172
2026-09-27 05:11:52.855000+00:00,3.7421371936798096,0.1077390760183334,9.368511199951172
2026-09-27 05:11:53.871000+00:00,1.824381709098816,0.5722141861915588,10.465055465698242
2026-09-27 05:11:53.872000+00:00,1.824381709098816,0.5722141861915588,10.465055465698242
2026-09-27 05:11:53.873000+00:00,1.824381709098816,0.5722141861915588,10.465055465698242
2026-09-27 05:11:54.888000+00:00,3.44765043258667,1.659181833267212,9.069235801696776
2026-09-27 05:11:54.890000+00:00,3.44765043258667,1.659181833267212,9.069235801696776
2026-09-27 05:11:54.891000+00:00,3.44765043258667,1.659181833267212,9.069235801696776
2026-09-27 05:11:55.904000+00:00,4.16112232208252,1.6280571222305298,8.80587387084961
2026-09-27 05:11:55.905000+00:00,4.16112232208252,1.6280571222305298,8.80587387084961
2026-09-27 05:11:55.906000+00:00,4.16112232208252,1.6280571222305298,8.80587387084961
2026-09-27 05:11:56.921000+00:00,4.398148536682129,1.8986018896102903,8.578424453735352
2026-09-27 05:11:56.922000+00:00,4.398148536682129,1.8986018896102903,8.578424453735352
2026-09-27 05:11:56.923000+00:00,4.398148536682129,1.8986018896102903,8.578424453735352
2026-09-27 05:11:57.937000+00:00,4.062960147857666,1.984793186187744,8.822632789611816
2026-09-27 05:11:57.938000+00:00,4.062960147857666,1.984793186187744,8.822632789611816
2026-09-27 05:11:58.954000+00:00,4.55616569519043,1.525106430053711,8.671798706054688
2026-09-27 05:11:58.956000+00:00,4.55616569519043,1.525106430053711,8.671798706054688
2026-09-27 05:11:58.957000+00:00,4.55616569519043,1.525106430053711,8.671798706054688
2026-09-27 05:11:59.971000+00:00,4.333505153656006,1.357512354850769,8.731653213500977
2026-09-27 05:11:59.972000+00:00,4.333505153656006,1.357512354850769,8.731653213500977
2026-09-27 05:11:59.974000+00:00,4.333505153656006,1.357512354850769,8.731653213500977
2026-09-27 05:12:00.988000+00:00,4.410119533538818,1.2401964664459229,8.887276649475098
2026-09-27 05:12:00.989000+00:00,4.410119533538818,1.2401964664459229,8.887276649475098
2026-09-27 05:12:00.990000+00:00,4.410119533538818,1.2401964664459229,8.887276649475098
2026-09-27 05:12:02.005000+00:00,4.137180328369141,1.170764684677124,8.829815864562988
2026-09-27 05:12:02.006000+00:00,4.137180328369141,1.170764684677124,8.829815864562988
2026-09-27 05:12:03.020000+00:00,4.209006786346436,0.9720458984375,8.992621421813965
2026-09-27 05:12:03.024000+00:00,4.209006786346436,0.9720458984375,8.992621421813965
2026-09-27 05:12:03.025000+00:00,4.209006786346436,0.9720458984375,8.992621421813965
2026-09-27 05:12:04.036000+00:00,4.206612586975098,0.974440097808838,8.904036521911621
2026-09-27 05:12:04.037000+00:00,4.206612586975098,0.974440097808838,8.904036521911621
2026-09-27 05:12:04.039000+00:00,4.206612586975098,0.974440097808838,8.904036521911621
2026-09-27 05:12:05.054000+00:00,4.242525577545166,1.015141487121582,8.786720275878906
2026-09-27 05:12:05.055000+00:00,4.242525577545166,1.015141487121582,8.786720275878906
2026-09-27 05:12:05.056000+00:00,4.242525577545166,1.015141487121582,8.786720275878906
2026-09-27 05:12:06.071000+00:00,4.022258758544922,0.974440097808838,8.877699851989746
2026-09-27 05:12:06.072000+00:00,4.022258758544922,0.974440097808838,8.877699851989746
2026-09-27 05:12:07.086000+00:00,3.991134166717529,1.0893617868423462,8.999804496765137
2026-09-27 05:12:07.087000+00:00,3.991134166717529,1.0893617868423462,8.999804496765137
2026-09-27 05:12:07.088000+00:00,3.991134166717529,1.0893617868423462,8.999804496765137
2026-09-27 05:12:08.102000+00:00,3.861847400665283,1.1851298809051514,8.944737434387207
2026-09-27 05:12:08.103000+00:00,3.861847400665283,1.1851298809051514,8.944737434387207
2026-09-27 05:12:08.104000+00:00,3.861847400665283,1.1851298809051514,8.944737434387207
2026-09-27 05:12:09.120000+00:00,2.233790159225464,-0.5674257874488831,9.282320022583008
2026-09-27 05:12:09.121000+00:00,2.233790159225464,-0.5674257874488831,9.282320022583008
2026-09-27 05:12:09.122000+00:00,2.233790159225464,-0.5674257874488831,9.282320022583008
2026-09-27 05:12:10.135000+00:00,1.1420341730117798,-2.5282769203186035,9.66539192199707
2026-09-27 05:12:10.136000+00:00,1.1420341730117798,-2.5282769203186035,9.66539192199707
2026-09-27 05:12:10.137000+00:00,1.1420341730117798,-2.5282769203186035,9.66539192199707
2026-09-27 05:12:11.152000+00:00,1.4413094520568848,-2.7102363109588623,9.354146003723145
2026-09-27 05:12:11.153000+00:00,1.4413094520568848,-2.7102363109588623,9.354146003723145
2026-09-27 05:12:11.154000+00:00,1.4413094520568848,-2.7102363109588623,9.354146003723145
2026-09-27 05:12:12.168000+00:00,1.525106430053711,-2.7892448902130127,9.366117477416992
2026-09-27 05:12:12.169000+00:00,1.525106430053711,-2.7892448902130127,9.366117477416992
2026-09-27 05:12:12.170000+00:00,1.525106430053711,-2.7892448902130127,9.366117477416992
2026-09-27 05:12:13.185000+00:00,1.455674648284912,-2.7700912952423096,9.366117477416992
2026-09-27 05:12:13.187000+00:00,1.455674648284912,-2.7700912952423096,9.366117477416992
2026-09-27 05:12:13.188000+00:00,1.455674648284912,-2.7700912952423096,9.366117477416992
2026-09-27 05:12:14.203000+00:00,1.434126853942871,-2.7748796939849854,9.339780807495115
2026-09-27 05:12:14.204000+00:00,1.434126853942871,-2.7748796939849854,9.339780807495115
2026-09-27 05:12:14.205000+00:00,1.434126853942871,-2.7748796939849854,9.339780807495115
2026-09-27 05:12:15.221000+00:00,1.3623007535934448,-2.7461493015289307,9.428366661071776
2026-09-27 05:12:15.222000+00:00,1.3623007535934448,-2.7461493015289307,9.428366661071776
2026-09-27 05:12:15.223000+00:00,1.3623007535934448,-2.7461493015289307,9.428366661071776
2026-09-27 05:12:16.236000+00:00,1.3479355573654177,-2.695871114730835,9.440337181091309
2026-09-27 05:12:16.237000+00:00,1.3479355573654177,-2.695871114730835,9.440337181091309
2026-09-27 05:12:17.252000+00:00,1.295263171195984,-0.6775590777397156,8.056488990783691
2026-09-27 05:12:17.254000+00:00,1.295263171195984,-0.6775590777397156,8.056488990783691
2026-09-27 05:12:17.255000+00:00,1.295263171195984,-0.6775590777397156,8.056488990783691
2026-09-27 05:12:18.269000+00:00,0.4501099288463592,-2.561795711517334,9.78989028930664
2026-09-27 05:12:18.270000+00:00,0.4501099288463592,-2.561795711517334,9.78989028930664
2026-09-27 05:12:18.272000+00:00,0.4501099288463592,-2.561795711517334,9.78989028930664
2026-09-27 05:12:19.285000+00:00,1.580173134803772,-0.5841852426528931,9.84495735168457
2026-09-27 05:12:19.286000+00:00,1.580173134803772,-0.5841852426528931,9.84495735168457
2026-09-27 05:12:19.287000+00:00,1.580173134803772,-0.5841852426528931,9.84495735168457
2026-09-27 05:12:20.301000+00:00,-3.627215623855591,-1.1971008777618408,8.69334602355957
2026-09-27 05:12:20.302000+00:00,-3.627215623855591,-1.1971008777618408,8.69334602355957
2026-09-27 05:12:20.303000+00:00,-3.627215623855591,-1.1971008777618408,8.69334602355957
2026-09-27 05:12:21.317000+00:00,-3.134010076522827,-0.586579442024231,9.349357604980469
2026-09-27 05:12:21.319000+00:00,-3.134010076522827,-0.586579442024231,9.349357604980469
2026-09-27 05:12:21.320000+00:00,-3.134010076522827,-0.586579442024231,9.349357604980469
2026-09-27 05:12:22.335000+00:00,1.137245774269104,-2.0590133666992188,9.148244857788086
2026-09-27 05:12:22.336000+00:00,1.137245774269104,-2.0590133666992188,9.148244857788086
2026-09-27 05:12:22.337000+00:00,1.137245774269104,-2.0590133666992188,9.148244857788086
2026-09-27 05:12:23.351000+00:00,-3.0095114707946777,-1.742978811264038,8.96389102935791
2026-09-27 05:12:23.353000+00:00,-3.0095114707946777,-1.742978811264038,8.96389102935791
2026-09-27 05:12:23.354000+00:00,-3.0095114707946777,-1.742978811264038,8.96389102935791
2026-09-27 05:12:24.367000+00:00,-2.7078421115875244,-1.7573440074920654,9.852140426635742
2026-09-27 05:12:24.368000+00:00,-2.7078421115875244,-1.7573440074920654,9.852140426635742
2026-09-27 05:12:24.370000+00:00,-2.7078421115875244,-1.7573440074920654,9.852140426635742
2026-09-27 05:12:25.384000+00:00,3.63918662071228,-1.479616641998291,9.002198219299316
2026-09-27 05:12:25.385000+00:00,3.63918662071228,-1.479616641998291,9.002198219299316
2026-09-27 05:12:25.386000+00:00,3.63918662071228,-1.479616641998291,9.002198219299316
2026-09-27 05:12:26.400000+00:00,2.099714994430542,-1.036689281463623,9.51455783843994
2026-09-27 05:12:26.401000+00:00,2.099714994430542,-1.036689281463623,9.51455783843994
2026-09-27 05:12:26.402000+00:00,2.099714994430542,-1.036689281463623,9.51455783843994
2026-09-27 05:12:27.417000+00:00,2.7269957065582275,-0.0933738648891449,9.275136947631836
2026-09-27 05:12:27.419000+00:00,2.7269957065582275,-0.0933738648891449,9.275136947631836
2026-09-27 05:12:27.421000+00:00,2.7269957065582275,-0.0933738648891449,9.275136947631836
2026-09-27 05:12:28.433000+00:00,3.136404275894165,-0.4955997467041015,9.308655738830566
2026-09-27 05:12:28.435000+00:00,3.136404275894165,-0.4955997467041015,9.308655738830566
2026-09-27 05:12:28.436000+00:00,3.136404275894165,-0.4955997467041015,9.308655738830566
2026-09-27 05:12:29.451000+00:00,3.397372245788574,-0.7398083209991455,9.016563415527344
2026-09-27 05:12:29.452000+00:00,3.397372245788574,-0.7398083209991455,9.016563415527344
2026-09-27 05:12:29.453000+00:00,3.397372245788574,-0.7398083209991455,9.016563415527344
2026-09-27 05:12:30.467000+00:00,0.7134721279144287,1.05105459690094,9.440337181091309
2026-09-27 05:12:30.468000+00:00,0.7134721279144287,1.05105459690094,9.440337181091309
2026-09-27 05:12:30.470000+00:00,0.7134721279144287,1.05105459690094,9.440337181091309
2026-09-27 05:12:31.484000+00:00,1.2258312702178955,0.1364694982767105,9.821015357971191
2026-09-27 05:12:31.485000+00:00,1.2258312702178955,0.1364694982767105,9.821015357971191
2026-09-27 05:12:31.487000+00:00,1.2258312702178955,0.1364694982767105,9.821015357971191
2026-09-27 05:12:32.500000+00:00,1.137245774269104,0.0694318488240242,9.749189376831056
2026-09-27 05:12:32.501000+00:00,1.137245774269104,0.0694318488240242,9.749189376831056
2026-09-27 05:12:32.502000+00:00,1.137245774269104,0.0694318488240242,9.749189376831056
2026-09-27 05:12:33.516000+00:00,1.261744260787964,0.3232172429561615,9.658209800720217
2026-09-27 05:12:33.518000+00:00,1.261744260787964,0.3232172429561615,9.658209800720217
2026-09-27 05:12:33.519000+00:00,1.261744260787964,0.3232172429561615,9.658209800720217
2026-09-27 05:12:34.533000+00:00,0.9959878921508788,0.727837324142456,9.476250648498535
2026-09-27 05:12:34.534000+00:00,0.9959878921508788,0.727837324142456,9.476250648498535
2026-09-27 05:12:34.535000+00:00,0.9959878921508788,0.727837324142456,9.476250648498535
2026-09-27 05:12:35.550000+00:00,-0.0095768067985773,-0.0502782352268695,9.921571731567385
2026-09-27 05:12:35.551000+00:00,-0.0095768067985773,-0.0502782352268695,9.921571731567385
2026-09-27 05:12:35.552000+00:00,-0.0095768067985773,-0.0502782352268695,9.921571731567385
2026-09-27 05:12:36.566000+00:00,0.4189853072166443,0.1268926858901977,9.883264541625977
2026-09-27 05:12:36.567000+00:00,0.4189853072166443,0.1268926858901977,9.883264541625977
2026-09-27 05:12:36.569000+00:00,0.4189853072166443,0.1268926858901977,9.883264541625977
2026-09-27 05:12:37.583000+00:00,-0.2681505978107452,0.689530074596405,10.273519515991213
2026-09-27 05:12:37.584000+00:00,-0.2681505978107452,0.689530074596405,10.273519515991213
2026-09-27 05:12:38.599000+00:00,0.1651999205350875,-0.3112462162971496,9.813833236694336
2026-09-27 05:12:38.600000+00:00,0.1651999205350875,-0.3112462162971496,9.813833236694336
2026-09-27 05:12:38.601000+00:00,0.1651999205350875,-0.3112462162971496,9.813833236694336
2026-09-27 05:12:39.617000+00:00,-0.0526724383234977,0.790086567401886,9.023746490478516
2026-09-27 05:12:39.618000+00:00,-0.0526724383234977,0.790086567401886,9.023746490478516
2026-09-27 05:12:39.619000+00:00,-0.0526724383234977,0.790086567401886,9.023746490478516
2026-09-27 05:12:40.633000+00:00,2.9951462745666504,-1.0295066833496094,8.700529098510742
2026-09-27 05:12:40.634000+00:00,2.9951462745666504,-1.0295066833496094,8.700529098510742
2026-09-27 05:12:40.635000+00:00,2.9951462745666504,-1.0295066833496094,8.700529098510742
2026-09-27 05:12:41.650000+00:00,-1.6065093278884888,2.8371291160583496,8.968679428100586
2026-09-27 05:12:41.651000+00:00,-1.6065093278884888,2.8371291160583496,8.968679428100586
2026-09-27 05:12:41.652000+00:00,-1.6065093278884888,2.8371291160583496,8.968679428100586
2026-09-27 05:12:42.665000+00:00,-0.4716577231884002,1.8555063009262085,9.727641105651855
2026-09-27 05:12:42.666000+00:00,-0.4716577231884002,1.8555063009262085,9.727641105651855
2026-09-27 05:12:42.667000+00:00,-0.4716577231884002,1.8555063009262085,9.727641105651855
2026-09-27 05:12:43.682000+00:00,-1.3766659498214722,2.231395959854126,9.682151794433594
2026-09-27 05:12:43.684000+00:00,-1.3766659498214722,2.231395959854126,9.682151794433594
2026-09-27 05:12:43.685000+00:00,-1.3766659498214722,2.231395959854126,9.682151794433594
2026-09-27 05:12:44.700000+00:00,-1.4844050407409668,2.7461493015289307,9.373299598693848
2026-09-27 05:12:44.702000+00:00,-1.4844050407409668,2.7461493015289307,9.373299598693848
2026-09-27 05:12:45.715000+00:00,-0.8236053586006165,1.7501614093780518,10.5344877243042
2026-09-27 05:12:45.717000+00:00,-0.8236053586006165,1.7501614093780518,10.5344877243042
2026-09-27 05:12:45.718000+00:00,-0.8236053586006165,1.7501614093780518,10.5344877243042
2026-09-27 05:12:46.732000+00:00,0.5841852426528931,2.140416383743286,9.567230224609377
2026-09-27 05:12:46.733000+00:00,0.5841852426528931,2.140416383743286,9.567230224609377
2026-09-27 05:12:46.734000+00:00,0.5841852426528931,2.140416383743286,9.567230224609377
2026-09-27 05:12:47.749000+00:00,-0.3232172429561615,1.7980455160140991,9.29429054260254
2026-09-27 05:12:47.750000+00:00,-0.3232172429561615,1.7980455160140991,9.29429054260254
2026-09-27 05:12:47.751000+00:00,-0.3232172429561615,1.7980455160140991,9.29429054260254
2026-09-27 05:12:48.765000+00:00,-0.3280056416988373,2.166752576828003,8.966285705566406
2026-09-27 05:12:48.766000+00:00,-0.3280056416988373,2.166752576828003,8.966285705566406
2026-09-27 05:12:48.777000+00:00,-0.3280056416988373,2.166752576828003,8.966285705566406
2026-09-27 05:12:49.782000+00:00,-0.0502782352268695,1.1037269830703735,10.1753568649292
2026-09-27 05:12:49.783000+00:00,-0.0502782352268695,1.1037269830703735,10.1753568649292
2026-09-27 05:12:49.784000+00:00,-0.0502782352268695,1.1037269830703735,10.1753568649292
2026-09-27 05:12:50.797000+00:00,-1.1563993692398071,3.224989652633667,8.908824920654297
2026-09-27 05:12:50.798000+00:00,-1.1563993692398071,3.224989652633667,8.908824920654297
2026-09-27 05:12:50.799000+00:00,-1.1563993692398071,3.224989652633667,8.908824920654297
2026-09-27 05:12:51.814000+00:00,7.60637903213501,2.868253707885742,2.940079689025879
2026-09-27 05:12:51.817000+00:00,7.60637903213501,2.868253707885742,2.940079689025879
2026-09-27 05:12:51.818000+00:00,7.60637903213501,2.868253707885742,2.940079689025879
2026-09-27 05:12:52.831000+00:00,7.618350028991699,2.070984363555908,8.588001251220703
2026-09-27 05:12:52.832000+00:00,7.618350028991699,2.070984363555908,8.588001251220703
2026-09-27 05:12:52.833000+00:00,7.618350028991699,2.070984363555908,8.588001251220703
2026-09-27 05:12:53.848000+00:00,2.341529369354248,3.576937437057495,6.866570472717285
2026-09-27 05:12:53.849000+00:00,2.341529369354248,3.576937437057495,6.866570472717285
2026-09-27 05:12:53.850000+00:00,2.341529369354248,3.576937437057495,6.866570472717285
2026-09-27 05:12:54.864000+00:00,-0.2130839526653289,0.071826048195362,10.225635528564451
2026-09-27 05:12:54.872000+00:00,-0.2130839526653289,0.071826048195362,10.225635528564451
2026-09-27 05:12:54.873000+00:00,-0.2130839526653289,0.071826048195362,10.225635528564451
2026-09-27 05:12:55.880000+00:00,-0.2298433631658554,-0.0263362191617488,9.945513725280762
2026-09-27 05:12:55.882000+00:00,-0.2298433631658554,-0.0263362191617488,9.945513725280762
2026-09-27 05:12:55.883000+00:00,-0.2298433631658554,-0.0263362191617488,9.945513725280762
2026-09-27 05:12:56.898000+00:00,-0.2537853717803955,-0.0454898327589035,9.892841339111328
2026-09-27 05:12:56.899000+00:00,-0.2537853717803955,-0.0454898327589035,9.892841339111328
2026-09-27 05:12:56.901000+00:00,-0.2537853717803955,-0.0454898327589035,9.892841339111328
2026-09-27 05:12:57.914000+00:00,-0.2585737705230713,-0.0167594123631715,9.885659217834473
2026-09-27 05:12:57.915000+00:00,-0.2585737705230713,-0.0167594123631715,9.885659217834473
2026-09-27 05:12:57.916000+00:00,-0.2585737705230713,-0.0167594123631715,9.885659217834473
2026-09-27 05:12:58.930000+00:00,-0.2657563984394073,-0.0407014302909374,9.919178009033203
2026-09-27 05:12:58.932000+00:00,-0.2657563984394073,-0.0407014302909374,9.919178009033203
2026-09-27 05:12:59.947000+00:00,-0.2944868206977844,-0.071826048195362,9.871294021606444
2026-09-27 05:12:59.948000+00:00,-0.2944868206977844,-0.071826048195362,9.871294021606444
2026-09-27 05:12:59.949000+00:00,-0.2944868206977844,-0.071826048195362,9.871294021606444
2026-09-27 05:13:00.963000+00:00,-0.2681505978107452,-0.0335188247263431,9.883264541625977
2026-09-27 05:13:00.964000+00:00,-0.2681505978107452,-0.0335188247263431,9.883264541625977
2026-09-27 05:13:01.981000+00:00,-0.2896983921527862,-0.0550666376948356,9.92396640777588
2026-09-27 05:13:01.982000+00:00,-0.2896983921527862,-0.0550666376948356,9.92396640777588
2026-09-27 05:13:02.996000+00:00,-0.2681505978107452,-0.0550666376948356,9.890447616577148
2026-09-27 05:13:02.997000+00:00,-0.2681505978107452,-0.0550666376948356,9.890447616577148
2026-09-27 05:13:02.998000+00:00,-0.2681505978107452,-0.0550666376948356,9.890447616577148
2026-09-27 05:13:04.012000+00:00,-0.2849099934101105,-0.0383072271943092,9.890447616577148
2026-09-27 05:13:04.014000+00:00,-0.2849099934101105,-0.0383072271943092,9.890447616577148
2026-09-27 05:13:05.030000+00:00,-0.2753331959247589,-0.0311246216297149,9.8784761428833
2026-09-27 05:13:05.031000+00:00,-0.2753331959247589,-0.0311246216297149,9.8784761428833
2026-09-27 05:13:05.032000+00:00,-0.2753331959247589,-0.0311246216297149,9.8784761428833
2026-09-27 05:13:06.045000+00:00,-0.272938996553421,-0.0119710080325603,9.694122314453123
2026-09-27 05:13:06.047000+00:00,-0.272938996553421,-0.0119710080325603,9.694122314453123
2026-09-27 05:13:07.063000+00:00,-0.2801215946674347,-0.0430956296622753,9.888052940368652
2026-09-27 05:13:07.064000+00:00,-0.2801215946674347,-0.0430956296622753,9.888052940368652
2026-09-27 05:13:07.065000+00:00,-0.2801215946674347,-0.0430956296622753,9.888052940368652
2026-09-27 05:13:08.080000+00:00,-0.2322375625371933,-0.0023942016996443,9.947908401489258
2026-09-27 05:13:08.081000+00:00,-0.2322375625371933,-0.0023942016996443,9.947908401489258
2026-09-27 05:13:09.096000+00:00,-0.2657563984394073,-0.0670376494526863,9.895236015319824
2026-09-27 05:13:09.097000+00:00,-0.2657563984394073,-0.0670376494526863,9.895236015319824
2026-09-27 05:13:10.112000+00:00,-0.2681505978107452,-0.0263362191617488,9.806650161743164
2026-09-27 05:13:10.113000+00:00,-0.2681505978107452,-0.0263362191617488,9.806650161743164
2026-09-27 05:13:10.114000+00:00,-0.2681505978107452,-0.0263362191617488,9.806650161743164
2026-09-27 05:13:11.128000+00:00,-0.2705447971820831,-0.0502782352268695,9.986215591430664
2026-09-27 05:13:11.129000+00:00,-0.2705447971820831,-0.0502782352268695,9.986215591430664
2026-09-27 05:13:11.131000+00:00,-0.2705447971820831,-0.0502782352268695,9.986215591430664
2026-09-27 05:13:12.146000+00:00,-0.2609679996967315,-0.0335188247263431,9.895236015319824
2026-09-27 05:13:12.147000+00:00,-0.2609679996967315,-0.0335188247263431,9.895236015319824
2026-09-27 05:13:12.148000+00:00,-0.2609679996967315,-0.0335188247263431,9.895236015319824
2026-09-27 05:13:13.162000+00:00,-0.2849099934101105,-0.0646434426307678,10.022128105163574
2026-09-27 05:13:13.163000+00:00,-0.2849099934101105,-0.0646434426307678,10.022128105163574
2026-09-27 05:13:13.164000+00:00,-0.2849099934101105,-0.0646434426307678,10.022128105163574
2026-09-27 05:13:14.179000+00:00,-0.2489969730377197,-0.0167594123631715,9.86889934539795
2026-09-27 05:13:14.181000+00:00,-0.2489969730377197,-0.0167594123631715,9.86889934539795
2026-09-27 05:13:15.195000+00:00,-0.1939303427934646,-0.0550666376948356,9.90241813659668
2026-09-27 05:13:15.196000+00:00,-0.1939303427934646,-0.0550666376948356,9.90241813659668
2026-09-27 05:13:15.197000+00:00,-0.1939303427934646,-0.0550666376948356,9.90241813659668
2026-09-27 05:13:16.212000+00:00,-0.2681505978107452,-0.0430956296622753,9.86889934539795
2026-09-27 05:13:16.213000+00:00,-0.2681505978107452,-0.0430956296622753,9.86889934539795
2026-09-27 05:13:17.228000+00:00,-0.2609679996967315,-0.059855043888092,9.871294021606444
2026-09-27 05:13:17.229000+00:00,-0.2609679996967315,-0.059855043888092,9.871294021606444
2026-09-27 05:13:18.244000+00:00,-0.2896983921527862,-0.0454898327589035,9.888052940368652
2026-09-27 05:13:18.246000+00:00,-0.2896983921527862,-0.0454898327589035,9.888052940368652
2026-09-27 05:13:19.262000+00:00,-0.2681505978107452,-0.0311246216297149,9.895236015319824
2026-09-27 05:13:19.263000+00:00,-0.2681505978107452,-0.0311246216297149,9.895236015319824
2026-09-27 05:13:19.265000+00:00,-0.2681505978107452,-0.0311246216297149,9.895236015319824
2026-09-27 05:13:20.278000+00:00,-0.2681505978107452,-0.0430956296622753,9.87608242034912
2026-09-27 05:13:20.279000+00:00,-0.2681505978107452,-0.0430956296622753,9.87608242034912
2026-09-27 05:13:20.280000+00:00,-0.2681505978107452,-0.0430956296622753,9.87608242034912
2026-09-27 05:13:21.295000+00:00,-0.3112462162971496,-0.035913024097681,9.83298683166504
2026-09-27 05:13:21.296000+00:00,-0.3112462162971496,-0.035913024097681,9.83298683166504
2026-09-27 05:13:21.306000+00:00,-0.3112462162971496,-0.035913024097681,9.83298683166504
2026-09-27 05:13:22.311000+00:00,-0.2561795711517334,-0.0526724383234977,9.885659217834473
2026-09-27 05:13:22.313000+00:00,-0.2561795711517334,-0.0526724383234977,9.885659217834473
2026-09-27 05:13:22.314000+00:00,-0.2561795711517334,-0.0526724383234977,9.885659217834473
2026-09-27 05:13:23.327000+00:00,-0.2513911724090576,-0.0215478148311376,9.909601211547852
2026-09-27 05:13:23.328000+00:00,-0.2513911724090576,-0.0215478148311376,9.909601211547852
2026-09-27 05:13:23.329000+00:00,-0.2513911724090576,-0.0215478148311376,9.909601211547852
2026-09-27 05:13:24.345000+00:00,-0.272938996553421,-0.0215478148311376,9.909601211547852
2026-09-27 05:13:24.346000+00:00,-0.272938996553421,-0.0215478148311376,9.909601211547852
2026-09-27 05:13:25.360000+00:00,-0.1963245421648025,0.0143652101978659,9.725247383117676
2026-09-27 05:13:25.361000+00:00,-0.1963245421648025,0.0143652101978659,9.725247383117676
2026-09-27 05:13:25.362000+00:00,-0.1963245421648025,0.0143652101978659,9.725247383117676
2026-09-27 05:13:26.377000+00:00,-0.2920926213264465,-0.0311246216297149,9.92636013031006
2026-09-27 05:13:26.379000+00:00,-0.2920926213264465,-0.0311246216297149,9.92636013031006
2026-09-27 05:13:26.380000+00:00,-0.2920926213264465,-0.0311246216297149,9.92636013031006
2026-09-27 05:13:27.394000+00:00,-0.304063618183136,-0.0502782352268695,9.885659217834473
2026-09-27 05:13:27.395000+00:00,-0.304063618183136,-0.0502782352268695,9.885659217834473
2026-09-27 05:13:27.396000+00:00,-0.304063618183136,-0.0502782352268695,9.885659217834473
2026-09-27 05:13:28.411000+00:00,-0.2609679996967315,-0.0287304203957319,9.907206535339355
2026-09-27 05:13:28.412000+00:00,-0.2609679996967315,-0.0287304203957319,9.907206535339355
2026-09-27 05:13:29.426000+00:00,-0.2753331959247589,-0.0239420160651206,9.86650562286377
2026-09-27 05:13:29.427000+00:00,-0.2753331959247589,-0.0239420160651206,9.86650562286377
2026-09-27 05:13:30.444000+00:00,-0.2442085742950439,-0.0407014302909374,9.976638793945312
2026-09-27 05:13:30.445000+00:00,-0.2442085742950439,-0.0407014302909374,9.976638793945312
2026-09-27 05:13:30.446000+00:00,-0.2442085742950439,-0.0407014302909374,9.976638793945312
2026-09-27 05:13:31.460000+00:00,-0.2849099934101105,-0.0311246216297149,9.897629737854004
2026-09-27 05:13:31.461000+00:00,-0.2849099934101105,-0.0311246216297149,9.897629737854004
2026-09-27 05:13:31.462000+00:00,-0.2849099934101105,-0.0311246216297149,9.897629737854004
2026-09-27 05:13:32.476000+00:00,-0.2825157940387726,-0.0335188247263431,9.911994934082031
2026-09-27 05:13:32.478000+00:00,-0.2825157940387726,-0.0335188247263431,9.911994934082031
2026-09-27 05:13:33.492000+00:00,-0.2801215946674347,-0.0311246216297149,9.90241813659668
2026-09-27 05:13:33.493000+00:00,-0.2801215946674347,-0.0311246216297149,9.90241813659668
2026-09-27 05:13:33.495000+00:00,-0.2801215946674347,-0.0311246216297149,9.90241813659668
2026-09-27 05:13:34.510000+00:00,-0.2801215946674347,-0.0526724383234977,9.852140426635742
2026-09-27 05:13:34.511000+00:00,-0.2801215946674347,-0.0526724383234977,9.852140426635742
2026-09-27 05:13:34.512000+00:00,-0.2801215946674347,-0.0526724383234977,9.852140426635742
2026-09-27 05:13:35.526000+00:00,-0.2825157940387726,-0.035913024097681,9.90241813659668
2026-09-27 05:13:35.527000+00:00,-0.2825157940387726,-0.035913024097681,9.90241813659668
2026-09-27 05:13:35.528000+00:00,-0.2825157940387726,-0.035913024097681,9.90241813659668
2026-09-27 05:13:36.543000+00:00,-0.2801215946674347,-0.0407014302909374,9.895236015319824
2026-09-27 05:13:36.545000+00:00,-0.2801215946674347,-0.0407014302909374,9.895236015319824
2026-09-27 05:13:36.546000+00:00,-0.2801215946674347,-0.0407014302909374,9.895236015319824
2026-09-27 05:13:37.560000+00:00,-0.2633621990680694,-0.0478840321302413,9.9000244140625
2026-09-27 05:13:37.562000+00:00,-0.2633621990680694,-0.0478840321302413,9.9000244140625
2026-09-27 05:13:38.576000+00:00,-0.2849099934101105,-0.0383072271943092,9.904812812805176
2026-09-27 05:13:38.577000+00:00,-0.2849099934101105,-0.0383072271943092,9.904812812805176
2026-09-27 05:13:39.591000+00:00,-0.272938996553421,-0.0383072271943092,9.883264541625977
2026-09-27 05:13:39.592000+00:00,-0.272938996553421,-0.0383072271943092,9.883264541625977
2026-09-27 05:13:40.608000+00:00,-0.2705447971820831,-0.0239420160651206,9.86650562286377
2026-09-27 05:13:40.610000+00:00,-0.2705447971820831,-0.0239420160651206,9.86650562286377
2026-09-27 05:13:40.611000+00:00,-0.2705447971820831,-0.0239420160651206,9.86650562286377
2026-09-27 05:13:41.626000+00:00,-0.2657563984394073,-0.0095768067985773,9.854534149169922
2026-09-27 05:13:41.627000+00:00,-0.2657563984394073,-0.0095768067985773,9.854534149169922
2026-09-27 05:13:41.628000+00:00,-0.2657563984394073,-0.0095768067985773,9.854534149169922
